Origin Movement ID,Origin Display Name,Destination Movement ID,Destination Display Name,Date Range,Mean Travel Time (Seconds),Range - Lower Bound Travel Time (Seconds),Range - Upper Bound Travel Time (Seconds),TravelDistance (Meters)
186,"20001, Northwest Washington, Washington",1,"5400 Arnold Avenue Southwest, Southwest Washington, Washington","07/31/2016 - 08/28/2016, Every day, Daily Average",830,563,1221,9907
186,"20001, Northwest Washington, Washington",2,"1400 Juniper Street Northwest, Northwest Washington, Washington","07/31/2016 - 08/28/2016, Every day, Daily Average",1660,1313,2097,9181
186,"20001, Northwest Washington, Washington",3,"4800 Canal Road Northwest, Northwest Washington, Washington","07/31/2016 - 08/28/2016, Every day, Daily Average",1296,974,1724,8631
186,"20001, Northwest Washington, Washington",4,"2700 Unicorn Lane Northwest, Northwest Washington, Washington","07/31/2016 - 08/28/2016, Every day, Daily Average",1694,1331,2154,10626
186,"20001, Northwest Washington, Washington",6,"Ridge Road Northwest, Northwest Washington, Washington","07/31/2016 - 08/28/2016, Every day, Daily Average",1416,1101,1820,10465
186,"20001, Northwest Washington, Washington",7,"4500 Ohio Drive Southwest, Southwest Washington, Washington","07/31/2016 - 08/28/2016, Every day, Daily Average",292,147,578,7405
186,"20001, Northwest Washington, Washington",9,"1800 Upshur Street Northwest, Northwest Washington, Washington","07/31/2016 - 08/28/2016, Every day, Daily Average",1199,915,1571,5037
186,"20001, Northwest Washington, Washington",10,"1500 30th Street Northwest, Northwest Washington, Washington","07/31/2016 - 08/28/2016, Every day, Daily Average",794,524,1202,3902
186,"20001, Northwest Washington, Washington",11,"1600 Tuckerman Street Northwest, Northwest Washington, Washington","07/31/2016 - 08/28/2016, Every day, Daily Average",1460,1160,1836,7482
186,"20001, Northwest Washington, Washington",12,"8000 Poplar Hill Drive, Clinton","07/31/2016 - 08/28/2016, Every day, Daily Average",1819,1456,2271,35393
186,"20001, Northwest Washington, Washington",13,"2100 Monticello Court, Fort Washington","07/31/2016 - 08/28/2016, Every day, Daily Average",1555,1146,2108,23741
186,"20001, Northwest Washington, Washington",14,"0 Hesketh Street, Chevy Chase","07/31/2016 - 08/28/2016, Every day, Daily Average",1684,1310,2164,11012
186,"20001, Northwest Washington, Washington",15,"8100 Roanoke Avenue, Takoma Park","07/31/2016 - 08/28/2016, Every day, Daily Average",1827,1468,2273,11029
186,"20001, Northwest Washington, Washington",16,"8800 Walden Road, Silver Spring","07/31/2016 - 08/28/2016, Every day, Daily Average",2011,1613,2506,11615
186,"20001, Northwest Washington, Washington",17,"8300 Colesville Road, Downtown Silver Spring, Silver Spring","07/31/2016 - 08/28/2016, Every day, Daily Average",1773,1437,2187,10110
186,"20001, Northwest Washington, Washington",18,"8900 Moreland Lane, Annandale","07/31/2016 - 08/28/2016, Every day, Daily Average",1449,1144,1835,39585
186,"20001, Northwest Washington, Washington",19,"Thomas Avenue, Arlington","07/31/2016 - 08/28/2016, Every day, Daily Average",667,459,969,11051
186,"20001, Northwest Washington, Washington",20,"McClellan Drive, Arlington","07/31/2016 - 08/28/2016, Every day, Daily Average",519,329,817,9898
186,"20001, Northwest Washington, Washington",21,"3600 North Vernon Street, Old Glebe, Arlington","07/31/2016 - 08/28/2016, Every day, Daily Average",1039,773,1396,17442
186,"20001, Northwest Washington, Washington",22,"6500 Park View Court, West Springfield","07/31/2016 - 08/28/2016, Every day, Daily Average",1600,1268,2018,36957
186,"20001, Northwest Washington, Washington",23,"6500 Bellamine Court, McLean","07/31/2016 - 08/28/2016, Every day, Daily Average",1223,947,1579,23239
186,"20001, Northwest Washington, Washington",24,"8600 Brook Road, McLean","07/31/2016 - 08/28/2016, Every day, Daily Average",1630,1265,2098,31996
186,"20001, Northwest Washington, Washington",25,"8200 Mockingbird Drive, Annandale","07/31/2016 - 08/28/2016, Every day, Daily Average",1528,1125,2074,34515
186,"20001, Northwest Washington, Washington",26,"9400 Pamlico Lane, Great Falls","07/31/2016 - 08/28/2016, Every day, Daily Average",1479,1126,1942,37396
186,"20001, Northwest Washington, Washington",27,"6200 Everglades Drive, Alexandria","07/31/2016 - 08/28/2016, Every day, Daily Average",1140,865,1501,21389
186,"20001, Northwest Washington, Washington",28,"2100 North Scott Street, North Highland, Arlington","07/31/2016 - 08/28/2016, Every day, Daily Average",825,562,1208,13096
186,"20001, Northwest Washington, Washington",29,"700 Carpenter Road, Potomac Yard, Alexandria","07/31/2016 - 08/28/2016, Every day, Daily Average",840,594,1187,14941
186,"20001, Northwest Washington, Washington",30,"0 Auburn Court, Potomac West, Alexandria","07/31/2016 - 08/28/2016, Every day, Daily Average",925,666,1283,12275
186,"20001, Northwest Washington, Washington",31,"1000 C Street Northeast, Northeast Washington, Washington","07/31/2016 - 08/28/2016, Every day, Daily Average",735,536,1006,4623
186,"20001, Northwest Washington, Washington",32,"2600 13th Street Northwest, Northwest Washington, Washington","07/31/2016 - 08/28/2016, Every day, Daily Average",740,533,1027,2227
186,"20001, Northwest Washington, Washington",33,"4400 E Street Southeast, Benning Ridge, Washington","07/31/2016 - 08/28/2016, Every day, Daily Average",1563,1115,2190,12029
186,"20001, Northwest Washington, Washington",34,"1700 Independence Avenue Southeast, Southeast Washington, Washington","07/31/2016 - 08/28/2016, Every day, Daily Average",1033,775,1375,7809
186,"20001, Northwest Washington, Washington",35,"2100 1st Street Northwest, Northwest Washington, Washington","07/31/2016 - 08/28/2016, Every day, Daily Average",794,558,1127,1066
186,"20001, Northwest Washington, Washington",36,"500 17th Street Northeast, Northeast Washington, Washington","07/31/2016 - 08/28/2016, Every day, Daily Average",967,720,1297,5441
186,"20001, Northwest Washington, Washington",37,"3500 Toledo Terrace, Chillum","07/31/2016 - 08/28/2016, Every day, Daily Average",1846,1460,2333,10127
186,"20001, Northwest Washington, Washington",38,"5300 Westport Road, Chevy Chase","07/31/2016 - 08/28/2016, Every day, Daily Average",1724,1370,2168,10595
186,"20001, Northwest Washington, Washington",39,"Woodrow Wilson Memorial Bridge, Old Town, Alexandria","07/31/2016 - 08/28/2016, Every day, Daily Average",1175,871,1584,24857
186,"20001, Northwest Washington, Washington",40,"6000 Rixey Drive, Fair Haven, Alexandria","07/31/2016 - 08/28/2016, Every day, Daily Average",1350,1068,1705,22090
186,"20001, Northwest Washington, Washington",41,"2000 Rosedale Street Northeast, Northeast Washington, Washington","07/31/2016 - 08/28/2016, Every day, Daily Average",1057,788,1417,6085
186,"20001, Northwest Washington, Washington",42,"4200 10th Street Northeast, Northeast Washington, Washington","07/31/2016 - 08/28/2016, Every day, Daily Average",1221,905,1646,5528
186,"20001, Northwest Washington, Washington",43,"900 Randolph Street Northwest, Northwest Washington, Washington","07/31/2016 - 08/28/2016, Every day, Daily Average",1081,817,1429,3162
186,"20001, Northwest Washington, Washington",44,"1200 New Jersey Avenue Southeast, Southeast Washington, Washington","07/31/2016 - 08/28/2016, Every day, Daily Average",571,372,874,5225
186,"20001, Northwest Washington, Washington",45,"0 L Place Northwest, Northwest Washington, Washington","07/31/2016 - 08/28/2016, Every day, Daily Average",224,86,576,2076
186,"20001, Northwest Washington, Washington",46,"1900 Anacostia Drive, Southeast Washington, Washington","07/31/2016 - 08/28/2016, Every day, Daily Average",802,548,1172,7355
186,"20001, Northwest Washington, Washington",48,"3500 Commodore Joshua Barney Drive Northeast, Northeast Washington, Washington","07/31/2016 - 08/28/2016, Every day, Daily Average",1103,753,1614,6574
186,"20001, Northwest Washington, Washington",49,"2700 10th Street Northeast, Northeast Washington, Washington","07/31/2016 - 08/28/2016, Every day, Daily Average",1107,773,1584,2892
186,"20001, Northwest Washington, Washington",50,"5700 Chevy Chase Parkway Northwest, Northwest Washington, Washington","07/31/2016 - 08/28/2016, Every day, Daily Average",1627,1291,2049,10287
186,"20001, Northwest Washington, Washington",51,"1300 Underwood Street Northwest, Northwest Washington, Washington","07/31/2016 - 08/28/2016, Every day, Daily Average",1463,1142,1874,6785
186,"20001, Northwest Washington, Washington",52,"200 Quackenbos Street Northwest, Northwest Washington, Washington","07/31/2016 - 08/28/2016, Every day, Daily Average",1366,1061,1757,6808
186,"20001, Northwest Washington, Washington",53,"600 Atlantic Street Southeast, Southeast Washington, Washington","07/31/2016 - 08/28/2016, Every day, Daily Average",1275,877,1853,12663
186,"20001, Northwest Washington, Washington",54,"3300 Clay Street Northeast, Northeast Washington, Washington","07/31/2016 - 08/28/2016, Every day, Daily Average",994,686,1439,12344
186,"20001, Northwest Washington, Washington",55,"500 Q Street Northwest, Northwest Washington, Washington","07/31/2016 - 08/28/2016, Every day, Daily Average",439,275,699,2625
186,"20001, Northwest Washington, Washington",56,"Center Leg Freeway, Southwest Washington, Washington","07/31/2016 - 08/28/2016, Every day, Daily Average",460,299,707,3622
186,"20001, Northwest Washington, Washington",57,"600 Edgewood Street Northeast, Northeast Washington, Washington","07/31/2016 - 08/28/2016, Every day, Daily Average",900,645,1255,2462
186,"20001, Northwest Washington, Washington",58,"3100 13th Street Northwest, Northwest Washington, Washington","07/31/2016 - 08/28/2016, Every day, Daily Average",876,645,1189,2677
186,"20001, Northwest Washington, Washington",59,"2800 45th Street Northwest, Northwest Washington, Washington","07/31/2016 - 08/28/2016, Every day, Daily Average",1209,917,1593,7291
186,"20001, Northwest Washington, Washington",60,"3200 Dubois Place Southeast, Southeast Washington, Washington","07/31/2016 - 08/28/2016, Every day, Daily Average",946,642,1393,10340
186,"20001, Northwest Washington, Washington",61,"1400 15th Street Northwest, Northwest Washington, Washington","07/31/2016 - 08/28/2016, Every day, Daily Average",407,258,641,1686
186,"20001, Northwest Washington, Washington",63,"4400 40th Street, Brentwood","07/31/2016 - 08/28/2016, Every day, Daily Average",1401,1117,1756,7069
186,"20001, Northwest Washington, Washington",64,"1800 Ontario Place Northwest, Northwest Washington, Washington","07/31/2016 - 08/28/2016, Every day, Daily Average",1027,754,1398,3776
186,"20001, Northwest Washington, Washington",65,"1900 15th Street Northwest, Northwest Washington, Washington","07/31/2016 - 08/28/2016, Every day, Daily Average",606,421,870,1763
186,"20001, Northwest Washington, Washington",66,"1400 K Street Northwest, Northwest Washington, Washington","07/31/2016 - 08/28/2016, Every day, Daily Average",215,103,444,2142
186,"20001, Northwest Washington, Washington",68,"8800 Springfield Road, Laurel","07/31/2016 - 08/28/2016, Every day, Daily Average",1821,1334,2484,27221
186,"20001, Northwest Washington, Washington",69,"12500 Farm Road, Greater Upper Marlboro, Upper Marlboro","07/31/2016 - 08/28/2016, Every day, Daily Average",1741,1390,2180,33966
186,"20001, Northwest Washington, Washington",70,"3600 Anton Terrace, District Heights","07/31/2016 - 08/28/2016, Every day, Daily Average",1608,1218,2122,16905
186,"20001, Northwest Washington, Washington",71,"5600 Somerset House II, Wisconsin Avenue, Chevy Chase","07/31/2016 - 08/28/2016, Every day, Daily Average",1707,1370,2125,10047
186,"20001, Northwest Washington, Washington",72,"4900 Hampden Lane, Bethesda","07/31/2016 - 08/28/2016, Every day, Daily Average",1943,1587,2377,13429
186,"20001, Northwest Washington, Washington",73,"3300 Chillum Road, Mount Rainier","07/31/2016 - 08/28/2016, Every day, Daily Average",1501,1138,1979,7219
186,"20001, Northwest Washington, Washington",74,"11100 Rodeo Court, Upper Marlboro","07/31/2016 - 08/28/2016, Every day, Daily Average",1718,1314,2244,30469
186,"20001, Northwest Washington, Washington",75,"4900 Blackfoot Road, Hollywood, College Park","07/31/2016 - 08/28/2016, Every day, Daily Average",1974,1532,2543,23341
186,"20001, Northwest Washington, Washington",76,"7300 16th Place, Hyattsville","07/31/2016 - 08/28/2016, Every day, Daily Average",1935,1437,2604,9780
186,"20001, Northwest Washington, Washington",77,"3200 Donnell Drive, Forestville","07/31/2016 - 08/28/2016, Every day, Daily Average",1739,1215,2488,17311
186,"20001, Northwest Washington, Washington",78,"5000 Roseld Court, Oxon Hill","07/31/2016 - 08/28/2016, Every day, Daily Average",1392,1005,1927,14234
186,"20001, Northwest Washington, Washington",79,"2200 Washington Avenue, Silver Spring","07/31/2016 - 08/28/2016, Every day, Daily Average",1900,1518,2377,10873
186,"20001, Northwest Washington, Washington",81,"1600 Nova Avenue, Capitol Heights","07/31/2016 - 08/28/2016, Every day, Daily Average",1373,964,1954,12579
186,"20001, Northwest Washington, Washington",82,"2000 South Eads Street, Crystal City, Arlington","07/31/2016 - 08/28/2016, Every day, Daily Average",726,471,1116,9302
186,"20001, Northwest Washington, Washington",83,"500 Ethan Allen Avenue, Takoma Park","07/31/2016 - 08/28/2016, Every day, Daily Average",1623,1224,2150,8353
186,"20001, Northwest Washington, Washington",84,"7700 Oxman Road, Hyattsville","07/31/2016 - 08/28/2016, Every day, Daily Average",1646,1216,2226,15027
186,"20001, Northwest Washington, Washington",85,"100 Lakeside Drive, Greenbelt","07/31/2016 - 08/28/2016, Every day, Daily Average",1638,1230,2180,19976
186,"20001, Northwest Washington, Washington",86,"9100 Fairview Road, Silver Spring","07/31/2016 - 08/28/2016, Every day, Daily Average",2091,1622,2694,12860
186,"20001, Northwest Washington, Washington",87,"7600 Greenbrook Drive, Greenbelt","07/31/2016 - 08/28/2016, Every day, Daily Average",1489,1146,1934,19669
186,"20001, Northwest Washington, Washington",88,"5000 Newport Avenue, Bethesda","07/31/2016 - 08/28/2016, Every day, Daily Average",1507,1194,1901,9754
186,"20001, Northwest Washington, Washington",89,"10000 Oaklyn Drive, Potomac","07/31/2016 - 08/28/2016, Every day, Daily Average",1518,1185,1943,34686
186,"20001, Northwest Washington, Washington",90,"11400 Macarthur Boulevard Northwest, Potomac","07/31/2016 - 08/28/2016, Every day, Daily Average",1487,1095,2017,31898
186,"20001, Northwest Washington, Washington",91,"6400 Walhonding Road, Bethesda","07/31/2016 - 08/28/2016, Every day, Daily Average",1443,1120,1858,12191
186,"20001, Northwest Washington, Washington",92,"3100 North Nelson Street, Bellevue Forest, Arlington","07/31/2016 - 08/28/2016, Every day, Daily Average",937,666,1317,16698
186,"20001, Northwest Washington, Washington",93,"6400 Vale Street, Alexandria","07/31/2016 - 08/28/2016, Every day, Daily Average",1106,809,1511,21729
186,"20001, Northwest Washington, Washington",94,"6300 8th Circle, Alexandria","07/31/2016 - 08/28/2016, Every day, Daily Average",980,720,1333,20450
186,"20001, Northwest Washington, Washington",95,"1800 South Stafford Street, Douglas Park, Arlington","07/31/2016 - 08/28/2016, Every day, Daily Average",985,704,1376,14183
186,"20001, Northwest Washington, Washington",96,"7300 Beverly Street, Annandale","07/31/2016 - 08/28/2016, Every day, Daily Average",1449,1103,1902,35691
186,"20001, Northwest Washington, Washington",97,"5500 Jowett Court, Alexandria","07/31/2016 - 08/28/2016, Every day, Daily Average",1480,1181,1853,29651
186,"20001, Northwest Washington, Washington",98,"1600 13th Road South, Arlington Views, Arlington","07/31/2016 - 08/28/2016, Every day, Daily Average",621,402,957,10697
186,"20001, Northwest Washington, Washington",99,"3800 Pinewood Terrace, Falls Church","07/31/2016 - 08/28/2016, Every day, Daily Average",1395,1080,1800,20819
186,"20001, Northwest Washington, Washington",100,"1200 Oronoco Street, Old Town West, Alexandria","07/31/2016 - 08/28/2016, Every day, Daily Average",1017,746,1385,15269
186,"20001, Northwest Washington, Washington",101,"100 South Fayette Street, Old Town, Alexandria","07/31/2016 - 08/28/2016, Every day, Daily Average",1088,819,1444,15779
186,"20001, Northwest Washington, Washington",102,"3700 South George Mason Drive, Falls Church","07/31/2016 - 08/28/2016, Every day, Daily Average",1036,738,1454,15013
186,"20001, Northwest Washington, Washington",103,"600 South Ball Street, Crystal City, Arlington","07/31/2016 - 08/28/2016, Every day, Daily Average",543,353,833,8750
186,"20001, Northwest Washington, Washington",104,"2500 Jackson Parkway, Vienna","07/31/2016 - 08/28/2016, Every day, Daily Average",1492,1107,2009,29509
186,"20001, Northwest Washington, Washington",105,"Dwight D. Eisenhower Southwest Freeway, Southwest Washington, Washington","07/31/2016 - 08/28/2016, Every day, Daily Average",339,204,561,7848
186,"20001, Northwest Washington, Washington",106,"5800 Cameron Run Terrace, Alexandria","07/31/2016 - 08/28/2016, Every day, Daily Average",1279,999,1636,20521
186,"20001, Northwest Washington, Washington",107,"4000 Ellicott Street, Seminary Hill, Alexandria","07/31/2016 - 08/28/2016, Every day, Daily Average",847,582,1231,15405
186,"20001, Northwest Washington, Washington",108,"100 57th Place Southeast, Southeast Washington, Washington","07/31/2016 - 08/28/2016, Every day, Daily Average",1548,1185,2022,13818
186,"20001, Northwest Washington, Washington",109,"7200 Wesley Road, Springfield","07/31/2016 - 08/28/2016, Every day, Daily Average",1199,871,1650,34232
186,"20001, Northwest Washington, Washington",110,"800 West Braddock Road, Rosemont, Alexandria","07/31/2016 - 08/28/2016, Every day, Daily Average",971,710,1327,15392
186,"20001, Northwest Washington, Washington",111,"Perimeter East Road Southwest, Southwest Washington, Washington","07/31/2016 - 08/28/2016, Every day, Daily Average",1010,715,1425,13878
186,"20001, Northwest Washington, Washington",112,"Willow Street Southeast, Southeast Washington, Washington","07/31/2016 - 08/28/2016, Every day, Daily Average",817,561,1188,8359
186,"20001, Northwest Washington, Washington",113,"400 50th Street Southeast, Southeast Washington, Washington","07/31/2016 - 08/28/2016, Every day, Daily Average",1471,1118,1934,12931
186,"20001, Northwest Washington, Washington",114,"5300 Call Place Southeast, Southeast Washington, Washington","07/31/2016 - 08/28/2016, Every day, Daily Average",1565,1176,2082,13797
186,"20001, Northwest Washington, Washington",116,"100 Jefferson Street Northwest, Northwest Washington, Washington","07/31/2016 - 08/28/2016, Every day, Daily Average",1302,979,1731,6185
186,"20001, Northwest Washington, Washington",117,"4800 Illinois Avenue Northwest, Northwest Washington, Washington","07/31/2016 - 08/28/2016, Every day, Daily Average",1218,926,1601,4631
186,"20001, Northwest Washington, Washington",118,"100 Emerson Street Northwest, Northwest Washington, Washington","07/31/2016 - 08/28/2016, Every day, Daily Average",1215,913,1615,5950
186,"20001, Northwest Washington, Washington",119,"200 10th Street Southeast, Southeast Washington, Washington","07/31/2016 - 08/28/2016, Every day, Daily Average",799,591,1078,5129
186,"20001, Northwest Washington, Washington",120,"300 Varnum Street Northwest, Northwest Washington, Washington","07/31/2016 - 08/28/2016, Every day, Daily Average",1196,903,1583,5376
186,"20001, Northwest Washington, Washington",122,"100 E Street Southeast, Southeast Washington, Washington","07/31/2016 - 08/28/2016, Every day, Daily Average",515,332,798,5043
186,"20001, Northwest Washington, Washington",123,"600 Independence Avenue Southeast, Southeast Washington, Washington","07/31/2016 - 08/28/2016, Every day, Daily Average",719,521,990,6021
186,"20001, Northwest Washington, Washington",124,"1400 4th Street Southwest, Southwest Washington, Washington","07/31/2016 - 08/28/2016, Every day, Daily Average",585,390,876,6010
186,"20001, Northwest Washington, Washington",125,"1600 D Street Southeast, Southeast Washington, Washington","07/31/2016 - 08/28/2016, Every day, Daily Average",904,661,1234,9997
186,"20001, Northwest Washington, Washington",126,"2300 Hartford Street Southeast, Southeast Washington, Washington","07/31/2016 - 08/28/2016, Every day, Daily Average",1277,895,1820,11026
186,"20001, Northwest Washington, Washington",128,"3500 19th Street Southeast, Southeast Washington, Washington","07/31/2016 - 08/28/2016, Every day, Daily Average",1349,938,1939,10044
186,"20001, Northwest Washington, Washington",129,"800 51st Street Northeast, Northeast Washington, Washington","07/31/2016 - 08/28/2016, Every day, Daily Average",1318,919,1889,10889
186,"20001, Northwest Washington, Washington",130,"3800 22nd Street Northeast, Northeast Washington, Washington","07/31/2016 - 08/28/2016, Every day, Daily Average",1298,980,1717,5136
186,"20001, Northwest Washington, Washington",131,"200 Taylor Street Northeast, Northeast Washington, Washington","07/31/2016 - 08/28/2016, Every day, Daily Average",1055,786,1414,4500
186,"20001, Northwest Washington, Washington",132,"1600 Buchanan Street Northeast, Northeast Washington, Washington","07/31/2016 - 08/28/2016, Every day, Daily Average",1313,1005,1713,6113
186,"20001, Northwest Washington, Washington",133,"200 Oneida Street Northeast, Northeast Washington, Washington","07/31/2016 - 08/28/2016, Every day, Daily Average",1367,1037,1801,6447
186,"20001, Northwest Washington, Washington",134,"1400 Allison Street Northwest, Northwest Washington, Washington","07/31/2016 - 08/28/2016, Every day, Daily Average",1189,904,1563,4626
186,"20001, Northwest Washington, Washington",135,"Scale Gate Road Northeast, Northwest Washington, Washington","07/31/2016 - 08/28/2016, Every day, Daily Average",979,714,1340,5687
186,"20001, Northwest Washington, Washington",136,"700 Taylor Street Northwest, Northwest Washington, Washington","07/31/2016 - 08/28/2016, Every day, Daily Average",1070,796,1437,3471
186,"20001, Northwest Washington, Washington",137,"1700 Willard Street Northwest, Northwest Washington, Washington","07/31/2016 - 08/28/2016, Every day, Daily Average",706,493,1010,2324
186,"20001, Northwest Washington, Washington",138,"500 8th Street Southeast, Southeast Washington, Washington","07/31/2016 - 08/28/2016, Every day, Daily Average",647,432,967,5744
186,"20001, Northwest Washington, Washington",139,"1400 Southeast Boulevard, Southeast Washington, Washington","07/31/2016 - 08/28/2016, Every day, Daily Average",590,392,887,9997
186,"20001, Northwest Washington, Washington",140,"400 14th Street Southeast, Southeast Washington, Washington","07/31/2016 - 08/28/2016, Every day, Daily Average",806,588,1103,6989
186,"20001, Northwest Washington, Washington",141,"600 Nicholson Street Northeast, Northeast Washington, Washington","07/31/2016 - 08/28/2016, Every day, Daily Average",1477,1094,1992,6952
186,"20001, Northwest Washington, Washington",142,"100 Ingraham Street Northeast, Northeast Washington, Washington","07/31/2016 - 08/28/2016, Every day, Daily Average",1279,938,1742,5753
186,"20001, Northwest Washington, Washington",143,"800 Delafield Street Northeast, Northeast Washington, Washington","07/31/2016 - 08/28/2016, Every day, Daily Average",1466,1104,1945,6718
186,"20001, Northwest Washington, Washington",144,"1700 19th Street Northwest, Northwest Washington, Washington","07/31/2016 - 08/28/2016, Every day, Daily Average",701,496,989,2201
186,"20001, Northwest Washington, Washington",145,"1100 Varney Street Southeast, Southeast Washington, Washington","07/31/2016 - 08/28/2016, Every day, Daily Average",1381,974,1956,13459
186,"20001, Northwest Washington, Washington",146,"3800 8th Street Southeast, Southeast Washington, Washington","07/31/2016 - 08/28/2016, Every day, Daily Average",1238,866,1769,12984
186,"20001, Northwest Washington, Washington",147,"3400 17th Street Northwest, Northwest Washington, Washington","07/31/2016 - 08/28/2016, Every day, Daily Average",1104,818,1489,3967
186,"20001, Northwest Washington, Washington",148,"1400 Ogden Street Northwest, Northwest Washington, Washington","07/31/2016 - 08/28/2016, Every day, Daily Average",1083,812,1444,3656
186,"20001, Northwest Washington, Washington",149,"1400 Irving Street Northwest, Northwest Washington, Washington","07/31/2016 - 08/28/2016, Every day, Daily Average",918,680,1237,3446
186,"20001, Northwest Washington, Washington",150,"1200 13th Street Northwest, Northwest Washington, Washington","07/31/2016 - 08/28/2016, Every day, Daily Average",307,185,508,1616
186,"20001, Northwest Washington, Washington",151,"100 3rd Street Northeast, Northeast Washington, Washington","07/31/2016 - 08/28/2016, Every day, Daily Average",544,383,772,4180
186,"20001, Northwest Washington, Washington",152,"600 Acker Place Northeast, Northeast Washington, Washington","07/31/2016 - 08/28/2016, Every day, Daily Average",644,464,892,3764
186,"20001, Northwest Washington, Washington",153,"900 10th Street Northeast, Northeast Washington, Washington","07/31/2016 - 08/28/2016, Every day, Daily Average",723,513,1017,3562
186,"20001, Northwest Washington, Washington",156,"100 13th Street Northeast, Northeast Washington, Washington","07/31/2016 - 08/28/2016, Every day, Daily Average",840,615,1147,5545
186,"20001, Northwest Washington, Washington",157,"300 U Street Northeast, Northeast Washington, Washington","07/31/2016 - 08/28/2016, Every day, Daily Average",652,421,1008,3039
186,"20001, Northwest Washington, Washington",158,"300 Burbank Street Southeast, Southeast Washington, Washington","07/31/2016 - 08/28/2016, Every day, Daily Average",1232,911,1666,11571
186,"20001, Northwest Washington, Washington",159,"1100 45th Place Southeast, Southeast Washington, Washington","07/31/2016 - 08/28/2016, Every day, Daily Average",1561,1127,2161,12498
186,"20001, Northwest Washington, Washington",160,"500 42nd Street Northeast, Northeast Washington, Washington","07/31/2016 - 08/28/2016, Every day, Daily Average",1286,931,1775,13145
186,"20001, Northwest Washington, Washington",161,"4900 Eads Place Northeast, Lincoln Heights, Washington","07/31/2016 - 08/28/2016, Every day, Daily Average",1393,986,1967,13794
186,"20001, Northwest Washington, Washington",162,"800 Washburn Arts Center, Florida Avenue Northeast, Northeast Washington, Washington","07/31/2016 - 08/28/2016, Every day, Daily Average",721,487,1066,3142
186,"20001, Northwest Washington, Washington",163,"1300 Mount Olivet Road Northeast, Northeast Washington, Washington","07/31/2016 - 08/28/2016, Every day, Daily Average",918,636,1324,3892
186,"20001, Northwest Washington, Washington",164,"1700 Lang Place Northeast, Northeast Washington, Washington","07/31/2016 - 08/28/2016, Every day, Daily Average",1019,748,1386,4550
186,"20001, Northwest Washington, Washington",165,"800 21st Street Northeast, Northeast Washington, Washington","07/31/2016 - 08/28/2016, Every day, Daily Average",995,723,1367,5401
186,"20001, Northwest Washington, Washington",166,"1300 Orren Street Northeast, Northeast Washington, Washington","07/31/2016 - 08/28/2016, Every day, Daily Average",816,592,1124,3628
186,"20001, Northwest Washington, Washington",167,"4100 1st Street Southeast, Southeast Washington, Washington","07/31/2016 - 08/28/2016, Every day, Daily Average",1153,808,1644,12059
186,"20001, Northwest Washington, Washington",169,"Meadow Road Northeast, Northeast Washington, Washington","07/31/2016 - 08/28/2016, Every day, Daily Average",1011,696,1466,5755
186,"20001, Northwest Washington, Washington",170,"900 Brentwood Road Northeast, Northeast Washington, Washington","07/31/2016 - 08/28/2016, Every day, Daily Average",845,541,1317,3790
186,"20001, Northwest Washington, Washington",171,"4200 4th Street Southeast, Southeast Washington, Washington","07/31/2016 - 08/28/2016, Every day, Daily Average",1300,925,1825,12604
186,"20001, Northwest Washington, Washington",172,"700 55th Street Northeast, Northeast Washington, Washington","07/31/2016 - 08/28/2016, Every day, Daily Average",1492,1084,2052,10990
186,"20001, Northwest Washington, Washington",173,"4500 45th Street Northwest, Northwest Washington, Washington","07/31/2016 - 08/28/2016, Every day, Daily Average",1450,1129,1861,8524
186,"20001, Northwest Washington, Washington",174,"Massachusetts-39th Trail, Northwest Washington, Washington","07/31/2016 - 08/28/2016, Every day, Daily Average",1273,970,1670,7081
186,"20001, Northwest Washington, Washington",175,"2100 Lincoln Road Northeast, Northeast Washington, Washington","07/31/2016 - 08/28/2016, Every day, Daily Average",763,551,1055,1360
186,"20001, Northwest Washington, Washington",176,"4800 Meade Street Northeast, Deanwood, Washington","07/31/2016 - 08/28/2016, Every day, Daily Average",1317,922,1879,9838
186,"20001, Northwest Washington, Washington",177,"6000 Clay Street Northeast, Northeast Washington, Washington","07/31/2016 - 08/28/2016, Every day, Daily Average",1586,1192,2108,11871
186,"20001, Northwest Washington, Washington",178,"3100 Chancellor's Way Northeast, Northeast Washington, Washington","07/31/2016 - 08/28/2016, Every day, Daily Average",1024,733,1429,3071
186,"20001, Northwest Washington, Washington",179,"1500 Kearny Street Northeast, Northeast Washington, Washington","07/31/2016 - 08/28/2016, Every day, Daily Average",1180,853,1631,4100
186,"20001, Northwest Washington, Washington",180,"5100 39th Street Northwest, Northwest Washington, Washington","07/31/2016 - 08/28/2016, Every day, Daily Average",1524,1197,1940,8888
186,"20001, Northwest Washington, Washington",181,"400 Butternut Street Northwest, Northwest Washington, Washington","07/31/2016 - 08/28/2016, Every day, Daily Average",1592,1231,2057,7925
186,"20001, Northwest Washington, Washington",182,"3600 Alton Place Northwest, Northwest Washington, Washington","07/31/2016 - 08/28/2016, Every day, Daily Average",1332,1039,1707,7344
186,"20001, Northwest Washington, Washington",183,"3300 6th Street Southeast, Southeast Washington, Washington","07/31/2016 - 08/28/2016, Every day, Daily Average",1308,911,1876,12676
186,"20001, Northwest Washington, Washington",185,"700 Quackenbos Street Northwest, Northwest Washington, Washington","07/31/2016 - 08/28/2016, Every day, Daily Average",1526,1138,2046,7566
186,"20001, Northwest Washington, Washington",187,"1600 13th Street Northwest, Northwest Washington, Washington","07/31/2016 - 08/28/2016, Every day, Daily Average",459,312,674,1170
186,"20001, Northwest Washington, Washington",188,"4200 Martin Luther King Junior Avenue Southwest, Southwest Washington, Washington","07/31/2016 - 08/28/2016, Every day, Daily Average",911,639,1298,12719
186,"20001, Northwest Washington, Washington",189,"100 Wilmington Place Southeast, Southeast Washington, Washington","07/31/2016 - 08/28/2016, Every day, Daily Average",1119,783,1598,11697
186,"20001, Northwest Washington, Washington",190,"900 M Street Northwest, Northwest Washington, Washington","07/31/2016 - 08/28/2016, Every day, Daily Average",228,83,620,1607
186,"20001, Northwest Washington, Washington",191,"1300 Gallatin Street Northwest, Northwest Washington, Washington","07/31/2016 - 08/28/2016, Every day, Daily Average",1258,973,1625,4875
186,"20001, Northwest Washington, Washington",192,"5400 8th Street Northwest, Northwest Washington, Washington","07/31/2016 - 08/28/2016, Every day, Daily Average",1358,1040,1772,7142
186,"20001, Northwest Washington, Washington",193,"3500 13th Street Northwest, Northwest Washington, Washington","07/31/2016 - 08/28/2016, Every day, Daily Average",988,737,1323,3062
186,"20001, Northwest Washington, Washington",194,"700 Lamont Street Northwest, Northwest Washington, Washington","07/31/2016 - 08/28/2016, Every day, Daily Average",918,668,1261,2310
186,"20001, Northwest Washington, Washington",195,"500 Lamont Street Northwest, Northwest Washington, Washington","07/31/2016 - 08/28/2016, Every day, Daily Average",896,651,1233,2965
186,"20001, Northwest Washington, Washington",196,"2400 5th Street Northwest, Northwest Washington, Washington","07/31/2016 - 08/28/2016, Every day, Daily Average",623,427,907,1516
186,"20001, Northwest Washington, Washington",197,"2400 Sherman Avenue Northwest, Northwest Washington, Washington","07/31/2016 - 08/28/2016, Every day, Daily Average",714,500,1019,2232
186,"20001, Northwest Washington, Washington",198,"0 Peluca Alley, Northwest Washington, Washington","07/31/2016 - 08/28/2016, Every day, Daily Average",739,531,1026,2360
186,"20001, Northwest Washington, Washington",199,"1700 Kalorama Road Northwest, Northwest Washington, Washington","07/31/2016 - 08/28/2016, Every day, Daily Average",844,606,1174,2878
186,"20001, Northwest Washington, Washington",200,"2400 20th Street Northwest, Northwest Washington, Washington","07/31/2016 - 08/28/2016, Every day, Daily Average",854,628,1160,3356
186,"20001, Northwest Washington, Washington",201,"1800 California Street Northwest, Northwest Washington, Washington","07/31/2016 - 08/28/2016, Every day, Daily Average",848,614,1169,2603
186,"20001, Northwest Washington, Washington",202,"1300 Talbert Terrace Southeast, Southeast Washington, Washington","07/31/2016 - 08/28/2016, Every day, Daily Average",1035,690,1550,8590
186,"20001, Northwest Washington, Washington",203,"1100 Connecticut Avenue Northwest, Northwest Washington, Washington","07/31/2016 - 08/28/2016, Every day, Daily Average",512,326,802,2472
186,"20001, Northwest Washington, Washington",204,"Rafik B. Hariri Building, Northwest Washington, Washington","07/31/2016 - 08/28/2016, Every day, Daily Average",1124,793,1591,5701
186,"20001, Northwest Washington, Washington",205,"4000 Highwood Court Northwest, Northwest Washington, Washington","07/31/2016 - 08/28/2016, Every day, Daily Average",1307,978,1744,6086
186,"20001, Northwest Washington, Washington",206,"0 Observatory Circle Northwest, Northwest Washington, Washington","07/31/2016 - 08/28/2016, Every day, Daily Average",1079,783,1486,4301
186,"20001, Northwest Washington, Washington",207,"4300 Ivymount Court, Annandale","07/31/2016 - 08/28/2016, Every day, Daily Average",1569,1116,2204,38163
186,"20001, Northwest Washington, Washington",208,"2800 Cathedral Avenue Northwest, Northwest Washington, Washington","07/31/2016 - 08/28/2016, Every day, Daily Average",1092,812,1468,4517
186,"20001, Northwest Washington, Washington",209,"1200 U Street Northwest, Northwest Washington, Washington","07/31/2016 - 08/28/2016, Every day, Daily Average",576,404,819,1540
186,"20001, Northwest Washington, Washington",210,"1400 1st Street Northwest, Northwest Washington, Washington","07/31/2016 - 08/28/2016, Every day, Daily Average",542,342,858,1139
186,"20001, Northwest Washington, Washington",211,"1200 5th Street Northwest, Northwest Washington, Washington","07/31/2016 - 08/28/2016, Every day, Daily Average",260,106,634,868
186,"20001, Northwest Washington, Washington",212,"800 Howard Road Southeast, Southeast Washington, Washington","07/31/2016 - 08/28/2016, Every day, Daily Average",745,494,1121,7846
186,"20001, Northwest Washington, Washington",213,"2000 Savannah Terrace Southeast, Southeast Washington, Washington","07/31/2016 - 08/28/2016, Every day, Daily Average",1051,735,1500,10737
186,"20001, Northwest Washington, Washington",214,"3200 Highland Place Northwest, Northwest Washington, Washington","07/31/2016 - 08/28/2016, Every day, Daily Average",1202,914,1580,6202
186,"20001, Northwest Washington, Washington",215,"3800 Klingle Place Northwest, Northwest Washington, Washington","07/31/2016 - 08/28/2016, Every day, Daily Average",1205,892,1627,5735
186,"20001, Northwest Washington, Washington",216,"2600 39th Street Northwest, Northwest Washington, Washington","07/31/2016 - 08/28/2016, Every day, Daily Average",1308,969,1765,5845
186,"20001, Northwest Washington, Washington",217,"1500 Tobias Drive Southeast, Southeast Washington, Washington","07/31/2016 - 08/28/2016, Every day, Daily Average",971,664,1418,9288
186,"20001, Northwest Washington, Washington",218,"1700 Kenyon Street Northwest, Northwest Washington, Washington","07/31/2016 - 08/28/2016, Every day, Daily Average",1014,738,1391,3662
186,"20001, Northwest Washington, Washington",219,"Groff Court Northeast, Northeast Washington, Washington","07/31/2016 - 08/28/2016, Every day, Daily Average",573,394,833,3472
186,"20001, Northwest Washington, Washington",220,"1400 Mississippi Avenue Southeast, Southeast Washington, Washington","07/31/2016 - 08/28/2016, Every day, Daily Average",1364,967,1923,10565
186,"20001, Northwest Washington, Washington",221,"1400 18th Place Southeast, Southeast Washington, Washington","07/31/2016 - 08/28/2016, Every day, Daily Average",686,446,1053,9553
186,"20001, Northwest Washington, Washington",222,"900 26th Street Northwest, Northwest Washington, Washington","07/31/2016 - 08/28/2016, Every day, Daily Average",753,522,1085,3905
186,"20001, Northwest Washington, Washington",223,"400 3rd Street Northwest, Northwest Washington, Washington","07/31/2016 - 08/28/2016, Every day, Daily Average",243,111,529,2529
186,"20001, Northwest Washington, Washington",224,"2400 Wagner Street Southeast, Southeast Washington, Washington","07/31/2016 - 08/28/2016, Every day, Daily Average",1310,913,1879,10013
186,"20001, Northwest Washington, Washington",225,"2200 Chester Street Southeast, Southeast Washington, Washington","07/31/2016 - 08/28/2016, Every day, Daily Average",956,656,1392,7526
186,"20001, Northwest Washington, Washington",226,"2800 Upton Street Northwest, Northwest Washington, Washington","07/31/2016 - 08/28/2016, Every day, Daily Average",1227,926,1625,6367
186,"20001, Northwest Washington, Washington",227,"2500 Pomeroy Road Southeast, Southeast Washington, Washington","07/31/2016 - 08/28/2016, Every day, Daily Average",1063,706,1600,9533
186,"20001, Northwest Washington, Washington",228,"1200 24th Street Northwest, Northwest Washington, Washington","07/31/2016 - 08/28/2016, Every day, Daily Average",710,498,1010,3107
186,"20001, Northwest Washington, Washington",229,"3900 Clay Place Northeast, Northeast Washington, Washington","07/31/2016 - 08/28/2016, Every day, Daily Average",1356,1018,1805,11249
186,"20001, Northwest Washington, Washington",230,"0 Olmsted Walk, Northwest Washington, Washington","07/31/2016 - 08/28/2016, Every day, Daily Average",958,709,1294,4313
186,"20001, Northwest Washington, Washington",231,"4300 Russell Avenue, Mount Rainier","07/31/2016 - 08/28/2016, Every day, Daily Average",1401,1093,1795,6687
186,"20001, Northwest Washington, Washington",232,"5100 Rockwood Parkway Northwest, Northwest Washington, Washington","07/31/2016 - 08/28/2016, Every day, Daily Average",1402,1067,1841,8830
186,"20001, Northwest Washington, Washington",233,"600 10th Street Northeast, Northeast Washington, Washington","07/31/2016 - 08/28/2016, Every day, Daily Average",773,560,1065,4031
186,"20001, Northwest Washington, Washington",234,"0 Discovery Communications, Discovery Place, Downtown Silver Spring, Silver Spring","07/31/2016 - 08/28/2016, Every day, Daily Average",1841,1478,2292,10678
186,"20001, Northwest Washington, Washington",235,"600 Anacostia Avenue Northeast, Northeast Washington, Washington","07/31/2016 - 08/28/2016, Every day, Daily Average",1004,696,1446,13324
186,"20001, Northwest Washington, Washington",236,"0 Cleveland Avenue, Takoma Park","07/31/2016 - 08/28/2016, Every day, Daily Average",1767,1407,2218,9076
186,"20001, Northwest Washington, Washington",237,"1400 Montague Street Northwest, Northwest Washington, Washington","07/31/2016 - 08/28/2016, Every day, Daily Average",1359,1069,1727,6032
186,"20001, Northwest Washington, Washington",238,"3100 Erie Street Southeast, Southeast Washington, Washington","07/31/2016 - 08/28/2016, Every day, Daily Average",1176,815,1695,10678
186,"20001, Northwest Washington, Washington",239,"5400 30th Street Northwest, Northwest Washington, Washington","07/31/2016 - 08/28/2016, Every day, Daily Average",1519,1200,1922,8806
186,"20001, Northwest Washington, Washington",240,"1500 17th Street Northwest, Northwest Washington, Washington","07/31/2016 - 08/28/2016, Every day, Daily Average",502,327,769,2064
186,"20001, Northwest Washington, Washington",241,"3900 Massachusetts Avenue Southeast, Southeast Washington, Washington","07/31/2016 - 08/28/2016, Every day, Daily Average",1226,853,1760,10570
186,"20001, Northwest Washington, Washington",242,"5400 Duvall Drive, Bethesda","07/31/2016 - 08/28/2016, Every day, Daily Average",1533,1211,1939,9653
186,"20001, Northwest Washington, Washington",243,"1400 Anacostia Avenue Northeast, Northeast Washington, Washington","07/31/2016 - 08/28/2016, Every day, Daily Average",1076,753,1536,9838
186,"20001, Northwest Washington, Washington",244,"1300 South Hayes Street, Aurora Highlands, Arlington","07/31/2016 - 08/28/2016, Every day, Daily Average",691,475,1005,9501
186,"20001, Northwest Washington, Washington",246,"Anacostia Riverwalk Trail, Northeast Washington, Washington","07/31/2016 - 08/28/2016, Every day, Daily Average",1068,773,1474,12447
186,"20001, Northwest Washington, Washington",247,"5700 Marlboro Pike, District Heights","07/31/2016 - 08/28/2016, Every day, Daily Average",1543,1127,2111,14863
186,"20001, Northwest Washington, Washington",248,"2300 California Street Northwest, Northwest Washington, Washington","07/31/2016 - 08/28/2016, Every day, Daily Average",849,610,1180,3099
186,"20001, Northwest Washington, Washington",250,"3000 Oxon Park Street, Temple Hills","07/31/2016 - 08/28/2016, Every day, Daily Average",1139,825,1571,11840
186,"20001, Northwest Washington, Washington",252,"1900 23rd Street Southeast, Southeast Washington, Washington","07/31/2016 - 08/28/2016, Every day, Daily Average",1094,760,1573,9348
186,"20001, Northwest Washington, Washington",253,"7200 Arrowhead Drive, Upper Marlboro","07/31/2016 - 08/28/2016, Every day, Daily Average",1887,1465,2429,26998
186,"20001, Northwest Washington, Washington",254,"7700 Greentree Road, Bethesda","07/31/2016 - 08/28/2016, Every day, Daily Average",1622,1264,2081,32578
186,"20001, Northwest Washington, Washington",255,"4800 Del Ray Avenue, Woodmont Triangle, Bethesda","07/31/2016 - 08/28/2016, Every day, Daily Average",2063,1653,2574,13022
186,"20001, Northwest Washington, Washington",256,"6900 Arlington Road, Bethesda","07/31/2016 - 08/28/2016, Every day, Daily Average",1829,1486,2250,12776
186,"20001, Northwest Washington, Washington",257,"7700 Wisconsin Avenue, Bethesda","07/31/2016 - 08/28/2016, Every day, Daily Average",1963,1577,2443,12666
186,"20001, Northwest Washington, Washington",259,"6600 Peaceful Street, Clinton","07/31/2016 - 08/28/2016, Every day, Daily Average",1786,1424,2239,32017
186,"20001, Northwest Washington, Washington",260,"1900 Addison Road South, District Heights","07/31/2016 - 08/28/2016, Every day, Daily Average",2064,1472,2893,17141
186,"20001, Northwest Washington, Washington",262,"6900 Ames Street, Morningside","07/31/2016 - 08/28/2016, Every day, Daily Average",1463,1114,1920,18461
186,"20001, Northwest Washington, Washington",263,"1600 Tucker Road, Fort Washington","07/31/2016 - 08/28/2016, Every day, Daily Average",1387,1027,1872,22038
186,"20001, Northwest Washington, Washington",264,"4200 Wandering Court, Temple Hills","07/31/2016 - 08/28/2016, Every day, Daily Average",1357,991,1857,16762
186,"20001, Northwest Washington, Washington",265,"1800 Metzerott Road, Adelphi","07/31/2016 - 08/28/2016, Every day, Daily Average",2074,1601,2685,11948
186,"20001, Northwest Washington, Washington",266,"3300 Gumwood Drive, Hyattsville","07/31/2016 - 08/28/2016, Every day, Daily Average",1880,1514,2333,11372
186,"20001, Northwest Washington, Washington",267,"3900 Old Silver Hill Road, Suitland, Suitland-Silver Hill","07/31/2016 - 08/28/2016, Every day, Daily Average",1208,882,1654,14711
186,"20001, Northwest Washington, Washington",268,"6300 Rosecroft Drive, Fort Washington","07/31/2016 - 08/28/2016, Every day, Daily Average",1472,1021,2122,21223
186,"20001, Northwest Washington, Washington",269,"8300 Greensboro Drive, McLean","07/31/2016 - 08/28/2016, Every day, Daily Average",1740,1379,2195,32197
186,"20001, Northwest Washington, Washington",270,"5700 Mansfield Drive, Temple Hills","07/31/2016 - 08/28/2016, Every day, Daily Average",1676,1233,2277,28758
186,"20001, Northwest Washington, Washington",271,"4900 Essex Avenue, Chevy Chase","07/31/2016 - 08/28/2016, Every day, Daily Average",1757,1421,2171,11845
186,"20001, Northwest Washington, Washington",272,"9500 Elvis Lane, Lanham-Seabrook, Goddard","07/31/2016 - 08/28/2016, Every day, Daily Average",1932,1458,2559,21755
186,"20001, Northwest Washington, Washington",273,"6800 Asset Drive, Landover, 13, Kent, Prince George's County, Maryland, United States, 20785","07/31/2016 - 08/28/2016, Every day, Daily Average",1790,1381,2319,14036
186,"20001, Northwest Washington, Washington",274,"2500 Campus Way North, Bowie","07/31/2016 - 08/28/2016, Every day, Daily Average",1672,1192,2343,21784
186,"20001, Northwest Washington, Washington",275,"6200 Surrey Square Lane, District Heights","07/31/2016 - 08/28/2016, Every day, Daily Average",1550,1181,2032,15943
186,"20001, Northwest Washington, Washington",276,"6000 Kirby Road, Clinton","07/31/2016 - 08/28/2016, Every day, Daily Average",1639,1286,2088,29931
186,"20001, Northwest Washington, Washington",278,"4100 31st Street, Mount Rainier","07/31/2016 - 08/28/2016, Every day, Daily Average",1333,1035,1715,6456
186,"20001, Northwest Washington, Washington",279,"8800 Colonel Seward Drive, Fort Washington","07/31/2016 - 08/28/2016, Every day, Daily Average",1392,1018,1903,22181
186,"20001, Northwest Washington, Washington",280,"5100 Cranmer Way, Capitol Heights","07/31/2016 - 08/28/2016, Every day, Daily Average",1421,980,2060,14304
186,"20001, Northwest Washington, Washington",281,"1600 Brightseat Road, Hyattsville","07/31/2016 - 08/28/2016, Every day, Daily Average",1668,1269,2190,20759
186,"20001, Northwest Washington, Washington",282,"6200 Springhill Court, Greenbelt","07/31/2016 - 08/28/2016, Every day, Daily Average",1998,1354,2948,21652
186,"20001, Northwest Washington, Washington",283,"5900 Cherrywood Lane, Greenbelt","07/31/2016 - 08/28/2016, Every day, Daily Average",1862,1401,2474,21986
186,"20001, Northwest Washington, Washington",284,"4700 Annapolis Road, Bladensburg","07/31/2016 - 08/28/2016, Every day, Daily Average",1450,1080,1945,8200
186,"20001, Northwest Washington, Washington",285,"8000 New Hampshire Avenue, Hyattsville","07/31/2016 - 08/28/2016, Every day, Daily Average",1925,1451,2552,10233
186,"20001, Northwest Washington, Washington",286,"2400 University Boulevard East, Adelphi","07/31/2016 - 08/28/2016, Every day, Daily Average",1845,1475,2306,11499
186,"20001, Northwest Washington, Washington",288,"4500 Harvest Road, Camp Springs","07/31/2016 - 08/28/2016, Every day, Daily Average",1564,1108,2206,26269
186,"20001, Northwest Washington, Washington",289,"1400 Farmingdale Avenue, Capitol Heights","07/31/2016 - 08/28/2016, Every day, Daily Average",1463,1009,2120,11248
186,"20001, Northwest Washington, Washington",290,"6000 Sargent Road, Chillum","07/31/2016 - 08/28/2016, Every day, Daily Average",1619,1273,2058,7162
186,"20001, Northwest Washington, Washington",291,"5800 31st Place, Hyattsville","07/31/2016 - 08/28/2016, Every day, Daily Average",1780,1355,2337,8705
186,"20001, Northwest Washington, Washington",292,"8400 Carrollton Parkway, New Carrollton","07/31/2016 - 08/28/2016, Every day, Daily Average",1332,996,1780,16976
186,"20001, Northwest Washington, Washington",293,"Baltimore-Washington Parkway, 2, Bladensburg, Prince George's County, Maryland, United States, 20781","07/31/2016 - 08/28/2016, Every day, Daily Average",1125,794,1592,11506
186,"20001, Northwest Washington, Washington",294,"5600 64th Avenue, Riverdale, East Riverdale","07/31/2016 - 08/28/2016, Every day, Daily Average",1463,1065,2009,14603
186,"20001, Northwest Washington, Washington",295,"4000 Carozza Court, Temple Hills","07/31/2016 - 08/28/2016, Every day, Daily Average",1167,807,1687,15519
186,"20001, Northwest Washington, Washington",296,"1700 Ritchie Road, District Heights","07/31/2016 - 08/28/2016, Every day, Daily Average",1912,1420,2574,26435
186,"20001, Northwest Washington, Washington",297,"8200 Waterside Court, Fort Washington","07/31/2016 - 08/28/2016, Every day, Daily Average",1195,874,1633,23198
186,"20001, Northwest Washington, Washington",298,"6400 61st Place, Riverdale, East Riverdale","07/31/2016 - 08/28/2016, Every day, Daily Average",1544,1090,2185,14623
186,"20001, Northwest Washington, Washington",299,"2400 Rosecroft Court, Oxon Hill","07/31/2016 - 08/28/2016, Every day, Daily Average",1718,1205,2447,21755
186,"20001, Northwest Washington, Washington",300,"3800 Matthews Drive, Temple Hills","07/31/2016 - 08/28/2016, Every day, Daily Average",1722,1191,2488,25397
186,"20001, Northwest Washington, Washington",301,"4900 40th Place, Hyattsville","07/31/2016 - 08/28/2016, Every day, Daily Average",1751,1343,2281,8140
186,"20001, Northwest Washington, Washington",303,"100 Onondaga Drive, Oxon Hill","07/31/2016 - 08/28/2016, Every day, Daily Average",1086,789,1494,15003
186,"20001, Northwest Washington, Washington",304,"1800 South Club Drive, Landover, Greater Landover","07/31/2016 - 08/28/2016, Every day, Daily Average",1627,1154,2292,11709
186,"20001, Northwest Washington, Washington",305,"2800 Crest Avenue, Hyattsville","07/31/2016 - 08/28/2016, Every day, Daily Average",1176,842,1642,10583
186,"20001, Northwest Washington, Washington",306,"3800 Kearney Road, Brentwood","07/31/2016 - 08/28/2016, Every day, Daily Average",1517,1113,2067,7568
186,"20001, Northwest Washington, Washington",307,"4600 Greenline Court, Suitland, Camp Springs","07/31/2016 - 08/28/2016, Every day, Daily Average",1464,1098,1951,27830
186,"20001, Northwest Washington, Washington",308,"3500 Riviera Street, Temple Hills","07/31/2016 - 08/28/2016, Every day, Daily Average",1557,1150,2106,16371
186,"20001, Northwest Washington, Washington",310,"3800 Forestville Road, District Heights","07/31/2016 - 08/28/2016, Every day, Daily Average",1717,1260,2338,19840
186,"20001, Northwest Washington, Washington",312,"4200 Suitland Road, Suitland-Silver Hill","07/31/2016 - 08/28/2016, Every day, Daily Average",1207,885,1644,11980
186,"20001, Northwest Washington, Washington",313,"3900 Livingston Street, Hyattsville","07/31/2016 - 08/28/2016, Every day, Daily Average",1581,1230,2032,8626
186,"20001, Northwest Washington, Washington",314,"4900 Abbott Drive, Marlow Heights","07/31/2016 - 08/28/2016, Every day, Daily Average",1854,1401,2452,23222
186,"20001, Northwest Washington, Washington",315,"2400 Brooks Drive, Suitland, Suitland-Silver Hill","07/31/2016 - 08/28/2016, Every day, Daily Average",1441,1047,1981,13721
186,"20001, Northwest Washington, Washington",316,"6200 20th Avenue, Hyattsville","07/31/2016 - 08/28/2016, Every day, Daily Average",1628,1262,2099,9151
186,"20001, Northwest Washington, Washington",317,"700 Somerset Place, Hyattsville","07/31/2016 - 08/28/2016, Every day, Daily Average",1562,1086,2245,7494
186,"20001, Northwest Washington, Washington",318,"6700 Red Top Road, Hyattsville","07/31/2016 - 08/28/2016, Every day, Daily Average",1523,1210,1915,8612
186,"20001, Northwest Washington, Washington",319,"1900 Laguna Road, Hyattsville","07/31/2016 - 08/28/2016, Every day, Daily Average",2071,1566,2737,11128
186,"20001, Northwest Washington, Washington",320,"2000 Amherst Road, Hyattsville","07/31/2016 - 08/28/2016, Every day, Daily Average",1764,1376,2260,9356
186,"20001, Northwest Washington, Washington",321,"4200 Van Buren Street, University Park","07/31/2016 - 08/28/2016, Every day, Daily Average",1912,1437,2543,10537
186,"20001, Northwest Washington, Washington",322,"4900 Nicholson Street, Riverdale, Riverdale Park","07/31/2016 - 08/28/2016, Every day, Daily Average",1647,1277,2123,10176
186,"20001, Northwest Washington, Washington",323,"Cabiglas Street, Joint Base Andrews","07/31/2016 - 08/28/2016, Every day, Daily Average",1633,1244,2142,22541
186,"20001, Northwest Washington, Washington",324,"3100 Bolivia Court, Fort Washington","07/31/2016 - 08/28/2016, Every day, Daily Average",1812,1254,2616,24487
186,"20001, Northwest Washington, Washington",325,"8500 Pepco Place, Upper Marlboro","07/31/2016 - 08/28/2016, Every day, Daily Average",1718,1256,2349,21978
186,"20001, Northwest Washington, Washington",326,"4900 46th Avenue, Hyattsville","07/31/2016 - 08/28/2016, Every day, Daily Average",1527,1217,1915,8662
186,"20001, Northwest Washington, Washington",327,"1000 Stratwood Avenue, Oxon Hill","07/31/2016 - 08/28/2016, Every day, Daily Average",1312,965,1782,19854
186,"20001, Northwest Washington, Washington",328,"1700 Tucker Road, Fort Washington","07/31/2016 - 08/28/2016, Every day, Daily Average",1462,1067,2002,22518
186,"20001, Northwest Washington, Washington",329,"1300 Fenwood Avenue, Oxon Hill","07/31/2016 - 08/28/2016, Every day, Daily Average",1544,1108,2151,15362
186,"20001, Northwest Washington, Washington",330,"8600 Lancaster Drive, Bethesda","07/31/2016 - 08/28/2016, Every day, Daily Average",2167,1592,2948,15649
186,"20001, Northwest Washington, Washington",331,"2100 Jameson Street, Temple Hills","07/31/2016 - 08/28/2016, Every day, Daily Average",1531,1042,2248,14383
186,"20001, Northwest Washington, Washington",332,"Perrie Lane, Camp Springs","07/31/2016 - 08/28/2016, Every day, Daily Average",1513,1190,1922,28072
186,"20001, Northwest Washington, Washington",333,"2000 Hayden Road, Hyattsville","07/31/2016 - 08/28/2016, Every day, Daily Average",1426,1091,1863,6371
186,"20001, Northwest Washington, Washington",334,"5900 Fisher Road, Temple Hills","07/31/2016 - 08/28/2016, Every day, Daily Average",1365,1007,1849,22161
186,"20001, Northwest Washington, Washington",335,"1500 Southview Drive, Oxon Hill","07/31/2016 - 08/28/2016, Every day, Daily Average",1494,1098,2031,14651
186,"20001, Northwest Washington, Washington",336,"2700 Keating Street, Hillcrest Heights","07/31/2016 - 08/28/2016, Every day, Daily Average",1445,1037,2012,13536
186,"20001, Northwest Washington, Washington",337,"2500 Eliot Place, Temple Hills","07/31/2016 - 08/28/2016, Every day, Daily Average",1234,889,1711,12987
186,"20001, Northwest Washington, Washington",338,"3400 Randall Road, Suitland, Suitland-Silver Hill","07/31/2016 - 08/28/2016, Every day, Daily Average",1316,997,1736,15115
186,"20001, Northwest Washington, Washington",339,"2700 Phelps Avenue, District Heights","07/31/2016 - 08/28/2016, Every day, Daily Average",2023,1455,2812,21901
186,"20001, Northwest Washington, Washington",340,"5900 Beech Avenue, Bethesda","07/31/2016 - 08/28/2016, Every day, Daily Average",1814,1427,2305,34755
186,"20001, Northwest Washington, Washington",341,"8600 Irvington Avenue, Bradmoor, Bethesda","07/31/2016 - 08/28/2016, Every day, Daily Average",2148,1673,2757,16009
186,"20001, Northwest Washington, Washington",342,"6600 Halleck Street, District Heights","07/31/2016 - 08/28/2016, Every day, Daily Average",1913,1363,2683,16248
186,"20001, Northwest Washington, Washington",343,"3900 Billings Place, Capitol Heights","07/31/2016 - 08/28/2016, Every day, Daily Average",1217,878,1686,11540
186,"20001, Northwest Washington, Washington",344,"5400 Moorland Lane, Bethesda","07/31/2016 - 08/28/2016, Every day, Daily Average",2003,1623,2471,14338
186,"20001, Northwest Washington, Washington",345,"8800 Brierly Road, Chevy Chase","07/31/2016 - 08/28/2016, Every day, Daily Average",1923,1562,2366,13767
186,"20001, Northwest Washington, Washington",346,"7200 Millwood Court, Bethesda","07/31/2016 - 08/28/2016, Every day, Daily Average",1922,1553,2377,13861
186,"20001, Northwest Washington, Washington",347,"7300 Brennon Lane, Chevy Chase","07/31/2016 - 08/28/2016, Every day, Daily Average",2011,1652,2447,11597
186,"20001, Northwest Washington, Washington",348,"6900 Ridgewood Avenue, Chevy Chase","07/31/2016 - 08/28/2016, Every day, Daily Average",1811,1437,2281,12501
186,"20001, Northwest Washington, Washington",349,"1000 Glacier Avenue, Capitol Heights","07/31/2016 - 08/28/2016, Every day, Daily Average",1608,1139,2268,13311
186,"20001, Northwest Washington, Washington",350,"600 Larchmont Avenue, Capitol Heights","07/31/2016 - 08/28/2016, Every day, Daily Average",1657,1265,2169,14370
186,"20001, Northwest Washington, Washington",351,"7000 Crail Drive, Bethesda","07/31/2016 - 08/28/2016, Every day, Daily Average",1578,1233,2019,30406
186,"20001, Northwest Washington, Washington",352,"5800 Folgate Court, Capitol Heights","07/31/2016 - 08/28/2016, Every day, Daily Average",1825,1306,2548,16344
186,"20001, Northwest Washington, Washington",353,"7500 Wildwood Drive, Takoma Park","07/31/2016 - 08/28/2016, Every day, Daily Average",1860,1377,2511,9564
186,"20001, Northwest Washington, Washington",354,"200 West Mill Avenue, Pepper Mill Village, Capitol Heights","07/31/2016 - 08/28/2016, Every day, Daily Average",1933,1517,2462,15503
186,"20001, Northwest Washington, Washington",355,"900 Browning Avenue, Silver Spring","07/31/2016 - 08/28/2016, Every day, Daily Average",1916,1520,2414,11447
186,"20001, Northwest Washington, Washington",356,"0 Montgomery Avenue, Takoma Park","07/31/2016 - 08/28/2016, Every day, Daily Average",1662,1324,2085,8181
186,"20001, Northwest Washington, Washington",357,"5900 J Street, Fairmount Heights","07/31/2016 - 08/28/2016, Every day, Daily Average",1585,1123,2235,11501
186,"20001, Northwest Washington, Washington",358,"1000 Carrington Avenue, Capitol Heights","07/31/2016 - 08/28/2016, Every day, Daily Average",1694,1233,2326,13309
186,"20001, Northwest Washington, Washington",359,"2400 Pinebrook Avenue, Hyattsville","07/31/2016 - 08/28/2016, Every day, Daily Average",1486,1032,2138,13200
186,"20001, Northwest Washington, Washington",360,"7700 Burnside Road, Hyattsville","07/31/2016 - 08/28/2016, Every day, Daily Average",1781,1304,2430,15854
186,"20001, Northwest Washington, Washington",361,"Park Central Road, Riverdale, Greenbelt","07/31/2016 - 08/28/2016, Every day, Daily Average",1463,1090,1962,21901
186,"20001, Northwest Washington, Washington",362,"800 Gregorio Drive, Montgomery Knolls, Silver Spring","07/31/2016 - 08/28/2016, Every day, Daily Average",2390,1729,3303,12755
186,"20001, Northwest Washington, Washington",363,"9600 Newbridge Drive, Potomac","07/31/2016 - 08/28/2016, Every day, Daily Average",1928,1510,2461,35007
186,"20001, Northwest Washington, Washington",364,"8500 Glenville Road, Takoma Park","07/31/2016 - 08/28/2016, Every day, Daily Average",2278,1645,3153,11038
186,"20001, Northwest Washington, Washington",365,"9200 Whitney Street, Silver Spring","07/31/2016 - 08/28/2016, Every day, Daily Average",2343,1798,3052,12200
186,"20001, Northwest Washington, Washington",366,"600 Thayer Avenue, Silver Spring","07/31/2016 - 08/28/2016, Every day, Daily Average",2004,1572,2553,11297
186,"20001, Northwest Washington, Washington",367,"100 Melbourne Avenue, Silver Spring","07/31/2016 - 08/28/2016, Every day, Daily Average",2246,1758,2868,12468
186,"20001, Northwest Washington, Washington",368,"600 Ritchie Avenue, Silver Spring","07/31/2016 - 08/28/2016, Every day, Daily Average",1852,1509,2271,9790
186,"20001, Northwest Washington, Washington",369,"2400 Lyttonsville Place, Silver Spring","07/31/2016 - 08/28/2016, Every day, Daily Average",2170,1690,2785,12424
186,"20001, Northwest Washington, Washington",370,"2000 Linden Lane, Silver Spring","07/31/2016 - 08/28/2016, Every day, Daily Average",1917,1542,2383,12033
186,"20001, Northwest Washington, Washington",371,"600 Cappy Avenue, Capitol Heights","07/31/2016 - 08/28/2016, Every day, Daily Average",2025,1523,2691,16523
186,"20001, Northwest Washington, Washington",372,"4200 73rd Avenue, Hyattsville","07/31/2016 - 08/28/2016, Every day, Daily Average",1345,999,1810,13523
186,"20001, Northwest Washington, Washington",373,"Lanham-Seabrook, Goddard","07/31/2016 - 08/28/2016, Every day, Daily Average",1862,1422,2436,22435
186,"20001, Northwest Washington, Washington",374,"Cobe Road, Goddard","07/31/2016 - 08/28/2016, Every day, Daily Average",1681,1234,2289,27984
186,"20001, Northwest Washington, Washington",376,"8500 Burning Tree Road, Bethesda","07/31/2016 - 08/28/2016, Every day, Daily Average",1688,1313,2169,30786
186,"20001, Northwest Washington, Washington",377,"4700 River Road, Riverdale, Riverdale Park","07/31/2016 - 08/28/2016, Every day, Daily Average",1647,1330,2038,16420
186,"20001, Northwest Washington, Washington",378,"5600 Newington Road, Bethesda","07/31/2016 - 08/28/2016, Every day, Daily Average",1620,1309,2003,11642
186,"20001, Northwest Washington, Washington",379,"4900 Americana Drive, Annandale","07/31/2016 - 08/28/2016, Every day, Daily Average",1360,1066,1734,37091
186,"20001, Northwest Washington, Washington",380,"Glenarden Apartment, Glenarden","07/31/2016 - 08/28/2016, Every day, Daily Average",1586,1148,2190,15731
186,"20001, Northwest Washington, Washington",381,"3100 Pennsy Drive, Landover, Greater Landover","07/31/2016 - 08/28/2016, Every day, Daily Average",1318,968,1793,13434
186,"20001, Northwest Washington, Washington",382,"9500 Lottsford Road, Upper Marlboro","07/31/2016 - 08/28/2016, Every day, Daily Average",1784,1353,2350,21046
186,"20001, Northwest Washington, Washington",383,"400 Warfield Drive, Hyattsville","07/31/2016 - 08/28/2016, Every day, Daily Average",1839,1366,2474,24103
186,"20001, Northwest Washington, Washington",384,"9000 Byard Court, Springdale","07/31/2016 - 08/28/2016, Every day, Daily Average",1523,1112,2085,18441
186,"20001, Northwest Washington, Washington",385,"Harrison Lane, Hyattsville","07/31/2016 - 08/28/2016, Every day, Daily Average",1514,1097,2088,15664
186,"20001, Northwest Washington, Washington",386,"6300 Barrs Lane, Lanham-Seabrook, Lanham","07/31/2016 - 08/28/2016, Every day, Daily Average",1821,1359,2438,19761
186,"20001, Northwest Washington, Washington",387,"9200 Crandall Road, Lanham-Seabrook, Lanham, Prince George's County, Maryland, United States, 20706, 1931","07/31/2016 - 08/28/2016, Every day, Daily Average",1710,1218,2400,20705
186,"20001, Northwest Washington, Washington",388,"7600 Vicar Street, New Carrollton","07/31/2016 - 08/28/2016, Every day, Daily Average",1611,1208,2148,16374
186,"20001, Northwest Washington, Washington",389,"7700 Emerson Road, Hyattsville","07/31/2016 - 08/28/2016, Every day, Daily Average",1467,1074,2002,15491
186,"20001, Northwest Washington, Washington",390,"7500 Finns Lane, Bladensburg, Prince George's County, Maryland, United States, 20706, 1217","07/31/2016 - 08/28/2016, Every day, Daily Average",1517,1163,1977,15834
186,"20001, Northwest Washington, Washington",391,"4800 Trenton Road, Hyattsville","07/31/2016 - 08/28/2016, Every day, Daily Average",1194,853,1671,12429
186,"20001, Northwest Washington, Washington",392,"6800 Furman Parkway, Riverdale, Woodlawn","07/31/2016 - 08/28/2016, Every day, Daily Average",1271,954,1692,13527
186,"20001, Northwest Washington, Washington",393,"6000 Addison Road, Capitol Heights","07/31/2016 - 08/28/2016, Every day, Daily Average",1803,1295,2509,13789
186,"20001, Northwest Washington, Washington",394,"8600 22nd Avenue, Hyattsville","07/31/2016 - 08/28/2016, Every day, Daily Average",2032,1583,2608,12358
186,"20001, Northwest Washington, Washington",395,"3800 10th Street North, Virginia Square, Arlington","07/31/2016 - 08/28/2016, Every day, Daily Average",1080,808,1442,13921
186,"20001, Northwest Washington, Washington",396,"5000 55th Avenue, Hyattsville","07/31/2016 - 08/28/2016, Every day, Daily Average",1596,1253,2031,12741
186,"20001, Northwest Washington, Washington",397,"4300 58th Avenue, Bladensburg","07/31/2016 - 08/28/2016, Every day, Daily Average",1534,973,2418,12351
186,"20001, Northwest Washington, Washington",398,"1200 North Stuart Street, Virginia Square, Arlington","07/31/2016 - 08/28/2016, Every day, Daily Average",1110,782,1573,14439
186,"20001, Northwest Washington, Washington",399,"3000 Hillside Avenue, Cheverly","07/31/2016 - 08/28/2016, Every day, Daily Average",1273,926,1749,11504
186,"20001, Northwest Washington, Washington",400,"6700 Darby Road, Hyattsville","07/31/2016 - 08/28/2016, Every day, Daily Average",1209,895,1631,12353
186,"20001, Northwest Washington, Washington",401,"1500 28th Street South, Long Branch Creek, Arlington","07/31/2016 - 08/28/2016, Every day, Daily Average",823,554,1221,12227
186,"20001, Northwest Washington, Washington",402,"2600 North Sycamore Street, Williamsburg, Arlington","07/31/2016 - 08/28/2016, Every day, Daily Average",1184,875,1600,21428
186,"20001, Northwest Washington, Washington",403,"1800 North Randolph Street, Cherrydale, Arlington","07/31/2016 - 08/28/2016, Every day, Daily Average",880,633,1221,15068
186,"20001, Northwest Washington, Washington",404,"2100 North Edison Street, High View Park, Arlington","07/31/2016 - 08/28/2016, Every day, Daily Average",1333,964,1841,18267
186,"20001, Northwest Washington, Washington",405,"2100 North Kentucky Street, Tara - Leeway Heights, Arlington","07/31/2016 - 08/28/2016, Every day, Daily Average",1053,778,1424,19166
186,"20001, Northwest Washington, Washington",406,"6000 9th Street North, Dominion Hills, Arlington","07/31/2016 - 08/28/2016, Every day, Daily Average",1189,842,1677,17907
186,"20001, Northwest Washington, Washington",407,"500 North Piedmont Street, Ashton Heights, Arlington","07/31/2016 - 08/28/2016, Every day, Daily Average",1107,803,1525,13894
186,"20001, Northwest Washington, Washington",408,"1800 North Harvard Street, Lyon Village, Arlington","07/31/2016 - 08/28/2016, Every day, Daily Average",1016,739,1396,13985
186,"20001, Northwest Washington, Washington",409,"300 Riley Street, Falls Church","07/31/2016 - 08/28/2016, Every day, Daily Average",1443,1113,1870,22670
186,"20001, Northwest Washington, Washington",410,"1800 North Quesada Street, East Falls Church, Arlington","07/31/2016 - 08/28/2016, Every day, Daily Average",1140,846,1534,21198
186,"20001, Northwest Washington, Washington",411,"200 Midvale Street, Falls Church","07/31/2016 - 08/28/2016, Every day, Daily Average",1437,1074,1921,22010
186,"20001, Northwest Washington, Washington",412,"600 Jackson Street, Falls Church","07/31/2016 - 08/28/2016, Every day, Daily Average",1636,1234,2167,22712
186,"20001, Northwest Washington, Washington",413,"2300 2nd Street South, Penrose, Arlington","07/31/2016 - 08/28/2016, Every day, Daily Average",745,508,1091,11397
186,"20001, Northwest Washington, Washington",414,"400 South Fairfax Street, Old Town, Alexandria","07/31/2016 - 08/28/2016, Every day, Daily Average",1162,838,1609,16149
186,"20001, Northwest Washington, Washington",415,"3700 Camelot Drive, Annandale","07/31/2016 - 08/28/2016, Every day, Daily Average",1829,1284,2603,32346
186,"20001, Northwest Washington, Washington",416,"2900 Woodlawn Avenue, Falls Church","07/31/2016 - 08/28/2016, Every day, Daily Average",1662,1240,2227,21797
186,"20001, Northwest Washington, Washington",417,"500 Princess Street, Old Town, Alexandria","07/31/2016 - 08/28/2016, Every day, Daily Average",986,696,1395,15166
186,"20001, Northwest Washington, Washington",418,"2900 Landover Street, Potomac West, Alexandria","07/31/2016 - 08/28/2016, Every day, Daily Average",1127,815,1557,14672
186,"20001, Northwest Washington, Washington",419,"3400 Lake Street, Bailey's Crossroads","07/31/2016 - 08/28/2016, Every day, Daily Average",1376,1006,1880,18410
186,"20001, Northwest Washington, Washington",420,"7300 Gordons Road, Falls Church","07/31/2016 - 08/28/2016, Every day, Daily Average",1351,1001,1822,25801
186,"20001, Northwest Washington, Washington",421,"3400 Blair Road, Falls Church","07/31/2016 - 08/28/2016, Every day, Daily Average",1507,1027,2210,18932
186,"20001, Northwest Washington, Washington",422,"Westbranch Drive, Tysons","07/31/2016 - 08/28/2016, Every day, Daily Average",1546,1208,1977,31778
186,"20001, Northwest Washington, Washington",423,"500 Triadelphia Way, Alexandria West, Alexandria","07/31/2016 - 08/28/2016, Every day, Daily Average",915,677,1234,18390
186,"20001, Northwest Washington, Washington",424,"5900 Mount Eagle Drive, Alexandria","07/31/2016 - 08/28/2016, Every day, Daily Average",1264,1023,1561,21495
186,"20001, Northwest Washington, Washington",425,"2300 Senseney Lane, Falls Church","07/31/2016 - 08/28/2016, Every day, Daily Average",1324,1010,1734,26273
186,"20001, Northwest Washington, Washington",426,"Mohegan Drive, Falls Church","07/31/2016 - 08/28/2016, Every day, Daily Average",1552,1124,2142,26512
186,"20001, Northwest Washington, Washington",427,"6000 Nassau Drive, West Springfield","07/31/2016 - 08/28/2016, Every day, Daily Average",1631,1263,2105,36855
186,"20001, Northwest Washington, Washington",428,"5500 16th Street North, Tara - Leeway Heights, Arlington","07/31/2016 - 08/28/2016, Every day, Daily Average",1022,751,1390,18014
186,"20001, Northwest Washington, Washington",429,"800 North Abingdon Street, Bluemont, Arlington","07/31/2016 - 08/28/2016, Every day, Daily Average",1214,851,1731,15830
186,"20001, Northwest Washington, Washington",430,"600 North Harrison Street, Bluemont, Arlington","07/31/2016 - 08/28/2016, Every day, Daily Average",1205,847,1712,16119
186,"20001, Northwest Washington, Washington",431,"1800 North Ode Street, North Rosslyn, Arlington","07/31/2016 - 08/28/2016, Every day, Daily Average",950,654,1378,12279
186,"20001, Northwest Washington, Washington",432,"4200 2nd Road North, Buckingham, Arlington","07/31/2016 - 08/28/2016, Every day, Daily Average",1027,723,1457,13792
186,"20001, Northwest Washington, Washington",433,"4400 South Pershing Court, Barcroft, Arlington","07/31/2016 - 08/28/2016, Every day, Daily Average",1107,769,1592,15181
186,"20001, Northwest Washington, Washington",434,"500 North Thomas Street, Buckingham, Arlington","07/31/2016 - 08/28/2016, Every day, Daily Average",1105,800,1525,14914
186,"20001, Northwest Washington, Washington",435,"800 South Randolph Street, Alcova Heights, Arlington","07/31/2016 - 08/28/2016, Every day, Daily Average",1153,810,1639,14969
186,"20001, Northwest Washington, Washington",436,"1300 North Oak Street, Radnor - Fort Myer Heights, Arlington","07/31/2016 - 08/28/2016, Every day, Daily Average",945,606,1472,11732
186,"20001, Northwest Washington, Washington",437,"1600 North Queen Street, Radnor - Fort Myer Heights, Arlington","07/31/2016 - 08/28/2016, Every day, Daily Average",750,516,1089,10847
186,"20001, Northwest Washington, Washington",438,"5000 12th Street South, Columbia Forest, Arlington","07/31/2016 - 08/28/2016, Every day, Daily Average",1062,752,1499,15115
186,"20001, Northwest Washington, Washington",439,"4200 13th Street South, Douglas Park, Arlington","07/31/2016 - 08/28/2016, Every day, Daily Average",1123,792,1592,15157
186,"20001, Northwest Washington, Washington",440,"700 22nd Street South, Aurora Highlands, Arlington","07/31/2016 - 08/28/2016, Every day, Daily Average",838,573,1225,9747
186,"20001, Northwest Washington, Washington",441,"2200 12th Court North, Court House, Arlington","07/31/2016 - 08/28/2016, Every day, Daily Average",898,618,1303,11791
186,"20001, Northwest Washington, Washington",442,"2000 Key Boulevard, Colonial Village, Arlington","07/31/2016 - 08/28/2016, Every day, Daily Average",970,719,1307,11687
186,"20001, Northwest Washington, Washington",443,"2800 11th Street North, Court House, Arlington","07/31/2016 - 08/28/2016, Every day, Daily Average",899,655,1233,12988
186,"20001, Northwest Washington, Washington",444,"1500 South Eads Street, Crystal City, Arlington","07/31/2016 - 08/28/2016, Every day, Daily Average",548,369,813,8813
186,"20001, Northwest Washington, Washington",445,"4300 29th Street South, Shirlington, Arlington","07/31/2016 - 08/28/2016, Every day, Daily Average",735,515,1046,13632
186,"20001, Northwest Washington, Washington",446,"6600 Rock Island Road, Springfield","07/31/2016 - 08/28/2016, Every day, Daily Average",1310,974,1761,34040
186,"20001, Northwest Washington, Washington",447,"5400 Charlottesville Road, Springfield","07/31/2016 - 08/28/2016, Every day, Daily Average",1092,806,1478,33057
186,"20001, Northwest Washington, Washington",448,"4800 Dodson Drive, Annandale","07/31/2016 - 08/28/2016, Every day, Daily Average",1329,1029,1715,34530
186,"20001, Northwest Washington, Washington",449,"Wendell Howard Road, Falls Church","07/31/2016 - 08/28/2016, Every day, Daily Average",1746,1290,2361,30590
186,"20001, Northwest Washington, Washington",450,"7100 Oak Ridge Road, Falls Church","07/31/2016 - 08/28/2016, Every day, Daily Average",1700,1290,2239,21958
186,"20001, Northwest Washington, Washington",451,"3300 Fallowfield Drive, Falls Church","07/31/2016 - 08/28/2016, Every day, Daily Average",1740,1310,2309,24299
186,"20001, Northwest Washington, Washington",452,"3800 Dade Drive, Annandale","07/31/2016 - 08/28/2016, Every day, Daily Average",1540,1192,1988,24837
186,"20001, Northwest Washington, Washington",453,"3700 MacGregor Court, Annandale","07/31/2016 - 08/28/2016, Every day, Daily Average",1618,1164,2247,32578
186,"20001, Northwest Washington, Washington",454,"3400 Monarch Lane, Annandale","07/31/2016 - 08/28/2016, Every day, Daily Average",1823,1338,2483,32487
186,"20001, Northwest Washington, Washington",455,"6000 Brook Drive, Falls Church","07/31/2016 - 08/28/2016, Every day, Daily Average",1239,939,1633,22485
186,"20001, Northwest Washington, Washington",456,"3300 Garland Drive, Falls Church","07/31/2016 - 08/28/2016, Every day, Daily Average",1129,803,1585,18573
186,"20001, Northwest Washington, Washington",457,"8100 Heatherton Lane, Vienna","07/31/2016 - 08/28/2016, Every day, Daily Average",1502,1114,2023,29418
186,"20001, Northwest Washington, Washington",458,"4800 Eisenhower Avenue, Landmark, Alexandria","07/31/2016 - 08/28/2016, Every day, Daily Average",1251,934,1674,25126
186,"20001, Northwest Washington, Washington",460,"3400 South Utah Street, Shirlington, Arlington","07/31/2016 - 08/28/2016, Every day, Daily Average",908,604,1363,13819
186,"20001, Northwest Washington, Washington",461,"Archstone Way, Franconia","07/31/2016 - 08/28/2016, Every day, Daily Average",1300,990,1705,28102
186,"20001, Northwest Washington, Washington",462,"Dolley Madison Boulevard, Tysons","07/31/2016 - 08/28/2016, Every day, Daily Average",1432,1092,1877,28385
186,"20001, Northwest Washington, Washington",463,"1900 Kennedy Drive, Tysons","07/31/2016 - 08/28/2016, Every day, Daily Average",1530,1186,1972,29551
186,"20001, Northwest Washington, Washington",464,"2500 Buckelew Drive, Falls Church","07/31/2016 - 08/28/2016, Every day, Daily Average",1691,1296,2205,26342
186,"20001, Northwest Washington, Washington",465,"6100 Mc Lendon Court, Alexandria","07/31/2016 - 08/28/2016, Every day, Daily Average",1377,1074,1765,30416
186,"20001, Northwest Washington, Washington",466,"5500 Brookland Road, Alexandria","07/31/2016 - 08/28/2016, Every day, Daily Average",1477,1130,1929,27414
186,"20001, Northwest Washington, Washington",467,"Franconia-Springfield Parkway, Alexandria","07/31/2016 - 08/28/2016, Every day, Daily Average",1451,1183,1778,34936
186,"20001, Northwest Washington, Washington",468,"6000 Woodlake Lane, Alexandria","07/31/2016 - 08/28/2016, Every day, Daily Average",1509,1204,1891,30138
186,"20001, Northwest Washington, Washington",469,"3400 Austin Court, Groveton, Alexandria","07/31/2016 - 08/28/2016, Every day, Daily Average",1550,1228,1956,25697
186,"20001, Northwest Washington, Washington",470,"300 North Kenmore Street, Ashton Heights, Arlington","07/31/2016 - 08/28/2016, Every day, Daily Average",979,688,1391,13142
186,"20001, Northwest Washington, Washington",471,"5700 4th Street South, Glencarlyn, Arlington","07/31/2016 - 08/28/2016, Every day, Daily Average",1069,785,1454,16518
186,"20001, Northwest Washington, Washington",472,"0 8th Street South, Arlington Heights, Arlington","07/31/2016 - 08/28/2016, Every day, Daily Average",596,390,910,12544
186,"20001, Northwest Washington, Washington",473,"3700 16th Street South, Douglas Park, Arlington","07/31/2016 - 08/28/2016, Every day, Daily Average",1031,708,1501,13400
186,"20001, Northwest Washington, Washington",474,"3300 Groveton Street, Groveton, Alexandria","07/31/2016 - 08/28/2016, Every day, Daily Average",1495,1190,1876,24176
186,"20001, Northwest Washington, Washington",475,"5000 8th Road South, Arlington Mill, Arlington","07/31/2016 - 08/28/2016, Every day, Daily Average",1290,934,1781,15802
186,"20001, Northwest Washington, Washington",476,"Four Mile Run Trail, Claremont, Arlington","07/31/2016 - 08/28/2016, Every day, Daily Average",972,689,1370,14146
186,"20001, Northwest Washington, Washington",477,"6800 Churchill Road, McLean","07/31/2016 - 08/28/2016, Every day, Daily Average",1558,1197,2026,22740
186,"20001, Northwest Washington, Washington",478,"6800 Custis Parkway, Falls Church","07/31/2016 - 08/28/2016, Every day, Daily Average",1403,1097,1793,21079
186,"20001, Northwest Washington, Washington",479,"2200 Shirlington Road, Nauck, Arlington","07/31/2016 - 08/28/2016, Every day, Daily Average",630,433,914,12452
186,"20001, Northwest Washington, Washington",480,"1400 South Barton Street, Columbia Heights, Arlington","07/31/2016 - 08/28/2016, Every day, Daily Average",903,613,1329,11469
186,"20001, Northwest Washington, Washington",481,"2800 South Buchanan Street, Shirlington, Arlington","07/31/2016 - 08/28/2016, Every day, Daily Average",737,521,1042,15367
186,"20001, Northwest Washington, Washington",482,"1000 Hardee Place, Seminary Hill, Alexandria","07/31/2016 - 08/28/2016, Every day, Daily Average",1103,826,1471,16682
186,"20001, Northwest Washington, Washington",483,"2100 Haycock Road, Falls Church","07/31/2016 - 08/28/2016, Every day, Daily Average",1192,901,1575,23747
186,"20001, Northwest Washington, Washington",484,"3900 Mount Vernon Avenue, Potomac West, Alexandria","07/31/2016 - 08/28/2016, Every day, Daily Average",969,652,1439,12641
186,"20001, Northwest Washington, Washington",485,"5500 Seminary Road, Falls Church","07/31/2016 - 08/28/2016, Every day, Daily Average",1101,811,1493,16573
186,"20001, Northwest Washington, Washington",486,"7600 Wood Mist Lane, Falls Church","07/31/2016 - 08/28/2016, Every day, Daily Average",1892,1368,2615,28464
186,"20001, Northwest Washington, Washington",487,"300 East Mount Ida Avenue, Potomac West, Alexandria","07/31/2016 - 08/28/2016, Every day, Daily Average",1020,754,1378,15389
186,"20001, Northwest Washington, Washington",488,"1200 Key Drive, Taylor Run, Alexandria","07/31/2016 - 08/28/2016, Every day, Daily Average",1098,828,1455,15888
186,"20001, Northwest Washington, Washington",489,"1200 Quaker Hill Drive, Taylor Run, Alexandria","07/31/2016 - 08/28/2016, Every day, Daily Average",1396,1007,1934,16919
186,"20001, Northwest Washington, Washington",490,"3100 Holmes Run Road, Falls Church","07/31/2016 - 08/28/2016, Every day, Daily Average",1439,1087,1903,20391
186,"20001, Northwest Washington, Washington",491,"6800 Donahue Court, Falls Church","07/31/2016 - 08/28/2016, Every day, Daily Average",1482,1142,1922,21109
186,"20001, Northwest Washington, Washington",492,"0 East Mason Avenue, Potomac West, Alexandria","07/31/2016 - 08/28/2016, Every day, Daily Average",1190,890,1590,16463
186,"20001, Northwest Washington, Washington",493,"3300 Rose Lane, Falls Church","07/31/2016 - 08/28/2016, Every day, Daily Average",1517,1276,1802,21760
186,"20001, Northwest Washington, Washington",494,"5800 Aspen Wood Court, McLean","07/31/2016 - 08/28/2016, Every day, Daily Average",1080,806,1445,19049
186,"20001, Northwest Washington, Washington",495,"2200 Emmett Drive, Alexandria","07/31/2016 - 08/28/2016, Every day, Daily Average",1496,1127,1984,22505
186,"20001, Northwest Washington, Washington",496,"4000 Thornton Street, Annandale","07/31/2016 - 08/28/2016, Every day, Daily Average",1531,1162,2016,24145
186,"20001, Northwest Washington, Washington",497,"400 Commonwealth Avenue, Potomac West, Alexandria","07/31/2016 - 08/28/2016, Every day, Daily Average",1203,900,1606,17181
186,"20001, Northwest Washington, Washington",498,"200 South Reynolds Street, Landmark, Alexandria","07/31/2016 - 08/28/2016, Every day, Daily Average",1134,860,1494,19809
186,"20001, Northwest Washington, Washington",499,"200 Yoakum Parkway, Landmark, Alexandria","07/31/2016 - 08/28/2016, Every day, Daily Average",1162,893,1511,19858
186,"20001, Northwest Washington, Washington",500,"2000 Eisenhower Avenue, Eisenhower East, Alexandria","07/31/2016 - 08/28/2016, Every day, Daily Average",1300,991,1704,22519
186,"20001, Northwest Washington, Washington",501,"4900 Brenman Park Drive, Landmark, Alexandria","07/31/2016 - 08/28/2016, Every day, Daily Average",1222,932,1600,19741
186,"20001, Northwest Washington, Washington",502,"800 South Payne Street, Southwest Quadrant, Alexandria","07/31/2016 - 08/28/2016, Every day, Daily Average",1159,891,1506,20435
186,"20001, Northwest Washington, Washington",503,"3300 Old Dominion Boulevard, North Ridge, Alexandria","07/31/2016 - 08/28/2016, Every day, Daily Average",1044,734,1483,14502
186,"20001, Northwest Washington, Washington",504,"1200 Mount Vernon Trail, Alexandria","07/31/2016 - 08/28/2016, Every day, Daily Average",1322,1015,1720,22270
186,"20001, Northwest Washington, Washington",505,"6500 Ashlawn Court, Springfield","07/31/2016 - 08/28/2016, Every day, Daily Average",1209,890,1640,34702
186,"20001, Northwest Washington, Washington",506,"4600 Upland Drive, Alexandria","07/31/2016 - 08/28/2016, Every day, Daily Average",1466,1142,1881,25999
186,"20001, Northwest Washington, Washington",507,"6100 Bayliss Place, Groveton, Alexandria","07/31/2016 - 08/28/2016, Every day, Daily Average",1453,1160,1818,24047
186,"20001, Northwest Washington, Washington",508,"2200 Journet Drive, Dunn Loring","07/31/2016 - 08/28/2016, Every day, Daily Average",1800,1321,2451,27479
186,"20001, Northwest Washington, Washington",509,"2900 Bridgehampton Court, Falls Church","07/31/2016 - 08/28/2016, Every day, Daily Average",1860,1357,2547,24854
186,"20001, Northwest Washington, Washington",510,"1900 Byrd Road, Vienna","07/31/2016 - 08/28/2016, Every day, Daily Average",1730,1369,2185,28439
186,"20001, Northwest Washington, Washington",511,"6100 Willston Drive, Seven Corners","07/31/2016 - 08/28/2016, Every day, Daily Average",1237,938,1630,17737
186,"20001, Northwest Washington, Washington",512,"4600 19th Road North, Waverly Hills, Arlington","07/31/2016 - 08/28/2016, Every day, Daily Average",956,690,1323,17583
186,"20001, Northwest Washington, Washington",513,"1100 South Arlington Ridge Road, Arlington Ridge, Arlington","07/31/2016 - 08/28/2016, Every day, Daily Average",858,552,1332,10792
186,"20001, Northwest Washington, Washington",514,"5200 Yorktown Boulevard, Yorktown, Arlington","07/31/2016 - 08/28/2016, Every day, Daily Average",1394,1040,1867,18269
186,"20001, Northwest Washington, Washington",515,"1400 North Taft Street, Radnor - Fort Myer Heights, Arlington","07/31/2016 - 08/28/2016, Every day, Daily Average",829,569,1207,11330
186,"20001, Northwest Washington, Washington",516,"2700 South Ives Street, Arlington Ridge, Arlington","07/31/2016 - 08/28/2016, Every day, Daily Average",855,546,1338,12129
186,"20001, Northwest Washington, Washington",517,"5000 Domain Place, Alexandria West, Alexandria","07/31/2016 - 08/28/2016, Every day, Daily Average",842,591,1198,15779
186,"20001, Northwest Washington, Washington",518,"4200 Vacation Lane, Donaldson Run, Arlington","07/31/2016 - 08/28/2016, Every day, Daily Average",853,599,1213,14863
186,"20001, Northwest Washington, Washington",520,"6400 Lily Dhu Lane, Falls Church","07/31/2016 - 08/28/2016, Every day, Daily Average",1568,1254,1959,22350
186,"20001, Northwest Washington, Washington",521,"7300 Hooking Road, McLean","07/31/2016 - 08/28/2016, Every day, Daily Average",1747,1318,2314,25424
186,"20001, Northwest Washington, Washington",522,"3100 Juniper Lane, Falls Church","07/31/2016 - 08/28/2016, Every day, Daily Average",1551,1167,2061,18062
186,"20001, Northwest Washington, Washington",523,"4300 Roberts Avenue, Annandale","07/31/2016 - 08/28/2016, Every day, Daily Average",1363,1033,1797,23439
186,"20001, Northwest Washington, Washington",524,"4500 Weyburn Drive, Annandale","07/31/2016 - 08/28/2016, Every day, Daily Average",1437,1055,1955,37101
186,"20001, Northwest Washington, Washington",525,"5400 Backlick Woods Court, Springfield","07/31/2016 - 08/28/2016, Every day, Daily Average",1305,987,1725,37159
186,"20001, Northwest Washington, Washington",526,"4100 Wilson Boulevard, Virginia Square, Arlington","07/31/2016 - 08/28/2016, Every day, Daily Average",1202,894,1614,14634
186,"20001, Northwest Washington, Washington",527,"6200 Blossom Lane, Alexandria","07/31/2016 - 08/28/2016, Every day, Daily Average",1472,1175,1842,26260
186,"20001, Northwest Washington, Washington",528,"5400 Summer Leaf Lane, Alexandria","07/31/2016 - 08/28/2016, Every day, Daily Average",1067,764,1488,32569
186,"20001, Northwest Washington, Washington",529,"5800 Oakview Gardens Drive, Bailey's Crossroads","07/31/2016 - 08/28/2016, Every day, Daily Average",1359,1012,1824,19401
186,"20001, Northwest Washington, Washington",530,"6900 Trillium Lane, West Springfield","07/31/2016 - 08/28/2016, Every day, Daily Average",1486,1148,1923,35532
186,"20001, Northwest Washington, Washington",531,"Morven Lane, Alexandria West, Alexandria","07/31/2016 - 08/28/2016, Every day, Daily Average",816,569,1170,15531
186,"20001, Northwest Washington, Washington",532,"6700 Rosewood Street, Annandale","07/31/2016 - 08/28/2016, Every day, Daily Average",1457,1201,1766,23669
186,"20001, Northwest Washington, Washington",533,"1600 Davidson Road, McLean","07/31/2016 - 08/28/2016, Every day, Daily Average",1538,1261,1874,24970
186,"20001, Northwest Washington, Washington",534,"2100 Greenwich Street, Falls Church","07/31/2016 - 08/28/2016, Every day, Daily Average",1248,954,1631,27618
186,"20001, Northwest Washington, Washington",535,"7600 Long Pine Drive, Springfield","07/31/2016 - 08/28/2016, Every day, Daily Average",1817,1124,2935,37539
186,"20001, Northwest Washington, Washington",536,"6000 Backlick Road, Springfield","07/31/2016 - 08/28/2016, Every day, Daily Average",1189,883,1599,33039
186,"20001, Northwest Washington, Washington",537,"1000 Colonial Farm Road, McLean","07/31/2016 - 08/28/2016, Every day, Daily Average",1216,903,1636,21741
186,"20001, Northwest Washington, Washington",538,"300 South Whiting Street, Landmark, Alexandria","07/31/2016 - 08/28/2016, Every day, Daily Average",1060,753,1490,20080
186,"20001, Northwest Washington, Washington",539,"8600 Westwood Center Drive, Vienna","07/31/2016 - 08/28/2016, Every day, Daily Average",1662,1301,2121,32452
186,"20001, Northwest Washington, Washington",540,"6600 Hazel Lane, McLean","07/31/2016 - 08/28/2016, Every day, Daily Average",1545,1232,1936,24381
186,"20001, Northwest Washington, Washington",541,"2500 Washington Boulevard, Lyon Park, Arlington","07/31/2016 - 08/28/2016, Every day, Daily Average",866,593,1264,11696
186,"20001, Northwest Washington, Washington",542,"1300 Potomac School Road, McLean","07/31/2016 - 08/28/2016, Every day, Daily Average",1323,1019,1717,20994
186,"20001, Northwest Washington, Washington",543,"3000 Eisenhower Avenue, Eisenhower West, Alexandria","07/31/2016 - 08/28/2016, Every day, Daily Average",1367,1031,1811,23870
186,"20001, Northwest Washington, Washington",544,"5400 Inverchapel Road, Springfield","07/31/2016 - 08/28/2016, Every day, Daily Average",1566,1095,2238,36796
186,"20001, Northwest Washington, Washington",545,"1900 Storm Drive, Falls Church","07/31/2016 - 08/28/2016, Every day, Daily Average",1322,1019,1714,27347
186,"20001, Northwest Washington, Washington",546,"Moore Lane, Fort Myer, Arlington","07/31/2016 - 08/28/2016, Every day, Daily Average",673,462,979,12057
186,"20001, Northwest Washington, Washington",547,"600 North Owen Street, Seminary Hill, Alexandria","07/31/2016 - 08/28/2016, Every day, Daily Average",933,653,1331,18084
186,"20001, Northwest Washington, Washington",548,"1600 Preston Road, North Ridge, Alexandria","07/31/2016 - 08/28/2016, Every day, Daily Average",694,488,985,13726
186,"20001, Northwest Washington, Washington",549,"300 North Van Dorn Street, Landmark, Alexandria","07/31/2016 - 08/28/2016, Every day, Daily Average",1073,754,1525,18863
186,"20001, Northwest Washington, Washington",550,"4300 Raleigh Avenue, Seminary Hill, Alexandria","07/31/2016 - 08/28/2016, Every day, Daily Average",1194,871,1636,17518
186,"20001, Northwest Washington, Washington",551,"4700 Kenmore Avenue, Seminary Hill, Alexandria","07/31/2016 - 08/28/2016, Every day, Daily Average",886,619,1266,16365
186,"20001, Northwest Washington, Washington",552,"5700 Reading Avenue, Alexandria West, Alexandria","07/31/2016 - 08/28/2016, Every day, Daily Average",1019,737,1407,17228
186,"20001, Northwest Washington, Washington",553,"4900 Seminary Road, Alexandria West, Alexandria","07/31/2016 - 08/28/2016, Every day, Daily Average",827,585,1167,16245
186,"20001, Northwest Washington, Washington",554,"1300 North Beauregard Street, Alexandria West, Alexandria","07/31/2016 - 08/28/2016, Every day, Daily Average",873,631,1206,17445
186,"20001, Northwest Washington, Washington",555,"5900 Atteentee Road, Springfield","07/31/2016 - 08/28/2016, Every day, Daily Average",1328,1031,1709,34706
186,"20001, Northwest Washington, Washington",556,"7800 Montvale Way, McLean","07/31/2016 - 08/28/2016, Every day, Daily Average",1547,1193,2005,29772
186,"20001, Northwest Washington, Washington",557,"8400 Fenwood Drive, West Springfield","07/31/2016 - 08/28/2016, Every day, Daily Average",1427,1105,1841,37518
186,"20001, Northwest Washington, Washington",558,"4000 Wheeler Avenue, Seminary Hill, Alexandria","07/31/2016 - 08/28/2016, Every day, Daily Average",1398,1019,1916,17748